Date,Location,NewCases,NewDeaths,NewRecovered,NewActiveCases,TotalCases,TotalDeaths,TotalRecovered,TotalActiveCases,Country,Continent,Island,TimeZone,SpecialStatus,TotalRegencies,TotalCities,TotalDistricts,TotalUrbanVillages,TotalRuralVillages,Area(km2),Population,PopulationDensity,Longitude,Latitude,NewCasesperMillion,TotalCasesperMillion,NewDeathsperMillion,TotalDeathsperMillion,TotalDeathsper100rb,CaseFatalityRate,CaseRecoveredRate,GrowthFactorofNewCases,GrowthFactorofNewDeaths
12/2/2021,DKI Jakarta,28,0,0,28,864045,13596,849875,574,Indonesia,Asia,Jawa,UTC+07:00,Daerah Khusus Ibu Kota,1,5,44,267,,664,10846145,16334.31,106.8361183,-6.204698991,2.58,79663.79,0,1253.53,125.35,1.57%,98.36%,0.4,1
12/1/2021,DKI Jakarta,70,0,1,69,864017,13596,849875,546,Indonesia,Asia,Jawa,UTC+07:00,Daerah Khusus Ibu Kota,1,5,44,267,,664,10846145,16334.31,106.8361183,-6.204698991,6.45,79661.21,0,1253.53,125.35,1.57%,98.36%,1.59,1
11/30/2021,DKI Jakarta,44,0,0,44,863947,13596,849874,477,Indonesia,Asia,Jawa,UTC+07:00,Daerah Khusus Ibu Kota,1,5,44,267,,664,10846145,16334.31,106.8361183,-6.204698991,4.06,79654.75,0,1253.53,125.35,1.57%,98.37%,1.07,1
11/29/2021,DKI Jakarta,41,0,71,-30,863903,13596,849874,433,Indonesia,Asia,Jawa,UTC+07:00,Daerah Khusus Ibu Kota,1,5,44,267,,664,10846145,16334.31,106.8361183,-6.204698991,3.78,79650.7,0,1253.53,125.35,1.57%,98.38%,0.8,1
11/28/2021,DKI Jakarta,51,0,52,-1,863862,13596,849803,463,Indonesia,Asia,Jawa,UTC+07:00,Daerah Khusus Ibu Kota,1,5,44,267,,664,10846145,16334.31,106.8361183,-6.204698991,4.7,79646.92,0,1253.53,125.35,1.57%,98.37%,0.94,1
11/27/2021,DKI Jakarta,54,0,86,-32,863811,13596,849751,464,Indonesia,Asia,Jawa,UTC+07:00,Daerah Khusus Ibu Kota,1,5,44,267,,664,10846145,16334.31,106.8361183,-6.204698991,4.98,79642.21,0,1253.53,125.35,1.57%,98.37%,0.77,1
11/26/2021,DKI Jakarta,70,0,56,14,863757,13596,849665,496,Indonesia,Asia,Jawa,UTC+07:00,Daerah Khusus Ibu Kota,1,5,44,267,,664,10846145,16334.31,106.8361183,-6.204698991,6.45,79637.24,0,1253.53,125.35,1.57%,98.37%,1.3,0
11/25/2021,DKI Jakarta,54,1,42,11,863687,13596,849609,482,Indonesia,Asia,Jawa,UTC+07:00,Daerah Khusus Ibu Kota,1,5,44,267,,664,10846145,16334.31,106.8361183,-6.204698991,4.98,79630.78,0.09,1253.53,125.35,1.57%,98.37%,0.66,1
11/24/2021,DKI Jakarta,82,1,105,-24,863633,13595,849567,471,Indonesia,Asia,Jawa,UTC+07:00,Daerah Khusus Ibu Kota,1,5,44,267,,664,10846145,16334.31,106.8361183,-6.204698991,7.56,79625.8,0.09,1253.44,125.34,1.57%,98.37%,1.19,
11/23/2021,DKI Jakarta,69,0,43,26,863551,13594,849462,495,Indonesia,Asia,Jawa,UTC+07:00,Daerah Khusus Ibu Kota,1,5,44,267,,664,10846145,16334.31,106.8361183,-6.204698991,6.36,79618.24,0,1253.35,125.33,1.57%,98.37%,2.65,1
11/22/2021,DKI Jakarta,26,0,51,-25,863482,13594,849419,469,Indonesia,Asia,Jawa,UTC+07:00,Daerah Khusus Ibu Kota,1,5,44,267,,664,10846145,16334.31,106.8361183,-6.204698991,2.4,79611.88,0,1253.35,125.33,1.57%,98.37%,0.23,1
11/21/2021,DKI Jakarta,111,0,120,-9,863456,13594,849368,494,Indonesia,Asia,Jawa,UTC+07:00,Daerah Khusus Ibu Kota,1,5,44,267,,664,10846145,16334.31,106.8361183,-6.204698991,10.23,79609.48,0,1253.35,125.33,1.57%,98.37%,0.97,0
11/20/2021,DKI Jakarta,114,1,158,-45,863345,13594,849248,503,Indonesia,Asia,Jawa,UTC+07:00,Daerah Khusus Ibu Kota,1,5,44,267,,664,10846145,16334.31,106.8361183,-6.204698991,10.51,79599.25,0.09,1253.35,125.33,1.57%,98.37%,1.18,0.5
11/19/2021,DKI Jakarta,97,2,104,-9,863231,13593,849090,548,Indonesia,Asia,Jawa,UTC+07:00,Daerah Khusus Ibu Kota,1,5,44,267,,664,10846145,16334.31,106.8361183,-6.204698991,8.94,79588.74,0.18,1253.26,125.33,1.57%,98.36%,0.97,2
11/18/2021,DKI Jakarta,100,1,136,-37,863134,13591,848986,557,Indonesia,Asia,Jawa,UTC+07:00,Daerah Khusus Ibu Kota,1,5,44,267,,664,10846145,16334.31,106.8361183,-6.204698991,9.22,79579.8,0.09,1253.07,125.31,1.57%,98.36%,0.77,1
11/17/2021,DKI Jakarta,130,1,172,-43,863034,13590,848850,594,Indonesia,Asia,Jawa,UTC+07:00,Daerah Khusus Ibu Kota,1,5,44,267,,664,10846145,16334.31,106.8361183,-6.204698991,11.99,79570.58,0.09,1252.98,125.3,1.57%,98.36%,1.65,
11/16/2021,DKI Jakarta,79,0,106,-27,862904,13589,848678,637,Indonesia,Asia,Jawa,UTC+07:00,Daerah Khusus Ibu Kota,1,5,44,267,,664,10846145,16334.31,106.8361183,-6.204698991,7.28,79558.59,0,1252.89,125.29,1.57%,98.35%,2.19,0
11/15/2021,DKI Jakarta,36,1,78,-43,862825,13589,848572,664,Indonesia,Asia,Jawa,UTC+07:00,Daerah Khusus Ibu Kota,1,5,44,267,,664,10846145,16334.31,106.8361183,-6.204698991,3.32,79551.31,0.09,1252.89,125.29,1.57%,98.35%,0.39,1
11/14/2021,DKI Jakarta,92,1,109,-18,862789,13588,848494,707,Indonesia,Asia,Jawa,UTC+07:00,Daerah Khusus Ibu Kota,1,5,44,267,,664,10846145,16334.31,106.8361183,-6.204698991,8.48,79547.99,0.09,1252.8,125.28,1.57%,98.34%,1.7,
11/13/2021,DKI Jakarta,54,0,97,-43,862697,13587,848385,725,Indonesia,Asia,Jawa,UTC+07:00,Daerah Khusus Ibu Kota,1,5,44,267,,664,10846145,16334.31,106.8361183,-6.204698991,4.98,79539.5,0,1252.7,125.27,1.57%,98.34%,0.76,1
11/12/2021,DKI Jakarta,71,0,186,-115,862643,13587,848288,768,Indonesia,Asia,Jawa,UTC+07:00,Daerah Khusus Ibu Kota,1,5,44,267,,664,10846145,16334.31,106.8361183,-6.204698991,6.55,79534.53,0,1252.7,125.27,1.58%,98.34%,0.66,0
11/11/2021,DKI Jakarta,107,1,100,6,862572,13587,848102,883,Indonesia,Asia,Jawa,UTC+07:00,Daerah Khusus Ibu Kota,1,5,44,267,,664,10846145,16334.31,106.8361183,-6.204698991,9.87,79527.98,0.09,1252.7,125.27,1.58%,98.32%,1.13,
11/10/2021,DKI Jakarta,95,0,59,36,862465,13586,848002,877,Indonesia,Asia,Jawa,UTC+07:00,Daerah Khusus Ibu Kota,1,5,44,267,,664,10846145,16334.31,106.8361183,-6.204698991,8.76,79518.11,0,1252.61,125.26,1.58%,98.32%,1.02,1
11/9/2021,DKI Jakarta,93,0,147,-54,862370,13586,847943,841,Indonesia,Asia,Jawa,UTC+07:00,Daerah Khusus Ibu Kota,1,5,44,267,,664,10846145,16334.31,106.8361183,-6.204698991,8.57,79509.36,0,1252.61,125.26,1.58%,98.33%,3.21,1
11/8/2021,DKI Jakarta,29,0,79,-50,862277,13586,847796,895,Indonesia,Asia,Jawa,UTC+07:00,Daerah Khusus Ibu Kota,1,5,44,267,,664,10846145,16334.31,106.8361183,-6.204698991,2.67,79500.78,0,1252.61,125.26,1.58%,98.32%,0.25,1
11/7/2021,DKI Jakarta,117,0,112,5,862248,13586,847717,945,Indonesia,Asia,Jawa,UTC+07:00,Daerah Khusus Ibu Kota,1,5,44,267,,664,10846145,16334.31,106.8361183,-6.204698991,10.79,79498.11,0,1252.61,125.26,1.58%,98.31%,1.72,0
11/6/2021,DKI Jakarta,68,1,256,-189,862131,13586,847605,940,Indonesia,Asia,Jawa,UTC+07:00,Daerah Khusus Ibu Kota,1,5,44,267,,664,10846145,16334.31,106.8361183,-6.204698991,6.27,79487.32,0.09,1252.61,125.26,1.58%,98.32%,0.57,1
11/5/2021,DKI Jakarta,119,1,35,83,862063,13585,847349,1129,Indonesia,Asia,Jawa,UTC+07:00,Daerah Khusus Ibu Kota,1,5,44,267,,664,10846145,16334.31,106.8361183,-6.204698991,10.97,79481.05,0.09,1252.52,125.25,1.58%,98.29%,1.07,1
11/4/2021,DKI Jakarta,111,1,51,59,861944,13584,847314,1046,Indonesia,Asia,Jawa,UTC+07:00,Daerah Khusus Ibu Kota,1,5,44,267,,664,10846145,16334.31,106.8361183,-6.204698991,10.23,79470.08,0.09,1252.43,125.24,1.58%,98.30%,0.84,1
11/3/2021,DKI Jakarta,132,1,100,31,861833,13583,847263,987,Indonesia,Asia,Jawa,UTC+07:00,Daerah Khusus Ibu Kota,1,5,44,267,,664,10846145,16334.31,106.8361183,-6.204698991,12.17,79459.84,0.09,1252.33,125.23,1.58%,98.31%,1.71,
11/2/2021,DKI Jakarta,77,0,124,-47,861701,13582,847163,956,Indonesia,Asia,Jawa,UTC+07:00,Daerah Khusus Ibu Kota,1,5,44,267,,664,10846145,16334.31,106.8361183,-6.204698991,7.1,79447.67,0,1252.24,125.22,1.58%,98.31%,0.93,1
11/1/2021,DKI Jakarta,83,0,45,38,861624,13582,847039,1003,Indonesia,Asia,Jawa,UTC+07:00,Daerah Khusus Ibu Kota,1,5,44,267,,664,10846145,16334.31,106.8361183,-6.204698991,7.65,79440.58,0,1252.24,125.22,1.58%,98.31%,0.73,0
10/31/2021,DKI Jakarta,113,1,77,35,861541,13582,846994,965,Indonesia,Asia,Jawa,UTC+07:00,Daerah Khusus Ibu Kota,1,5,44,267,,664,10846145,16334.31,106.8361183,-6.204698991,10.42,79432.92,0.09,1252.24,125.22,1.58%,98.31%,1.18,1
10/30/2021,DKI Jakarta,96,1,143,-48,861428,13581,846917,930,Indonesia,Asia,Jawa,UTC+07:00,Daerah Khusus Ibu Kota,1,5,44,267,,664,10846145,16334.31,106.8361183,-6.204698991,8.85,79422.5,0.09,1252.15,125.21,1.58%,98.32%,1,
10/29/2021,DKI Jakarta,96,0,117,-21,861332,13580,846774,978,Indonesia,Asia,Jawa,UTC+07:00,Daerah Khusus Ibu Kota,1,5,44,267,,664,10846145,16334.31,106.8361183,-6.204698991,8.85,79413.65,0,1252.06,125.21,1.58%,98.31%,0.73,0
10/28/2021,DKI Jakarta,131,1,99,31,861236,13580,846657,999,Indonesia,Asia,Jawa,UTC+07:00,Daerah Khusus Ibu Kota,1,5,44,267,,664,10846145,16334.31,106.8361183,-6.204698991,12.08,79404.8,0.09,1252.06,125.21,1.58%,98.31%,1.25,1
10/27/2021,DKI Jakarta,105,1,145,-41,861105,13579,846558,968,Indonesia,Asia,Jawa,UTC+07:00,Daerah Khusus Ibu Kota,1,5,44,267,,664,10846145,16334.31,106.8361183,-6.204698991,9.68,79392.72,0.09,1251.97,125.2,1.58%,98.31%,2.76,1
10/26/2021,DKI Jakarta,38,1,100,-63,861000,13578,846413,1009,Indonesia,Asia,Jawa,UTC+07:00,Daerah Khusus Ibu Kota,1,5,44,267,,664,10846145,16334.31,106.8361183,-6.204698991,3.5,79383.04,0.09,1251.87,125.19,1.58%,98.31%,0.46,1
10/25/2021,DKI Jakarta,82,1,166,-85,860962,13577,846313,1072,Indonesia,Asia,Jawa,UTC+07:00,Daerah Khusus Ibu Kota,1,5,44,267,,664,10846145,16334.31,106.8361183,-6.204698991,7.56,79379.54,0.09,1251.78,125.18,1.58%,98.30%,0.63,1
10/24/2021,DKI Jakarta,131,1,128,2,860880,13576,846147,1157,Indonesia,Asia,Jawa,UTC+07:00,Daerah Khusus Ibu Kota,1,5,44,267,,664,10846145,16334.31,106.8361183,-6.204698991,12.08,79371.98,0.09,1251.69,125.17,1.58%,98.29%,1.13,0.5
10/23/2021,DKI Jakarta,116,2,173,-59,860749,13575,846019,1155,Indonesia,Asia,Jawa,UTC+07:00,Daerah Khusus Ibu Kota,1,5,44,267,,664,10846145,16334.31,106.8361183,-6.204698991,10.7,79359.9,0.18,1251.6,125.16,1.58%,98.29%,1.4,
10/22/2021,DKI Jakarta,83,0,83,0,860633,13573,845846,1214,Indonesia,Asia,Jawa,UTC+07:00,Daerah Khusus Ibu Kota,1,5,44,267,,664,10846145,16334.31,106.8361183,-6.204698991,7.65,79349.21,0,1251.41,125.14,1.58%,98.28%,0.94,0
10/21/2021,DKI Jakarta,88,1,153,-66,860550,13573,845763,1214,Indonesia,Asia,Jawa,UTC+07:00,Daerah Khusus Ibu Kota,1,5,44,267,,664,10846145,16334.31,106.8361183,-6.204698991,8.11,79341.55,0.09,1251.41,125.14,1.58%,98.28%,0.85,
10/20/2021,DKI Jakarta,103,0,131,-28,860462,13572,845610,1280,Indonesia,Asia,Jawa,UTC+07:00,Daerah Khusus Ibu Kota,1,5,44,267,,664,10846145,16334.31,106.8361183,-6.204698991,9.5,79333.44,0,1251.32,125.13,1.58%,98.27%,0.97,1
10/19/2021,DKI Jakarta,106,0,122,-16,860359,13572,845479,1308,Indonesia,Asia,Jawa,UTC+07:00,Daerah Khusus Ibu Kota,1,5,44,267,,664,10846145,16334.31,106.8361183,-6.204698991,9.77,79323.94,0,1251.32,125.13,1.58%,98.27%,0.99,0
10/18/2021,DKI Jakarta,107,1,149,-43,860253,13572,845357,1324,Indonesia,Asia,Jawa,UTC+07:00,Daerah Khusus Ibu Kota,1,5,44,267,,664,10846145,16334.31,106.8361183,-6.204698991,9.87,79314.17,0.09,1251.32,125.13,1.58%,98.27%,0.82,
10/17/2021,DKI Jakarta,131,0,130,1,860146,13571,845208,1367,Indonesia,Asia,Jawa,UTC+07:00,Daerah Khusus Ibu Kota,1,5,44,267,,664,10846145,16334.31,106.8361183,-6.204698991,12.08,79304.31,0,1251.23,125.12,1.58%,98.26%,0.85,0
10/16/2021,DKI Jakarta,154,1,217,-64,860015,13571,845078,1366,Indonesia,Asia,Jawa,UTC+07:00,Daerah Khusus Ibu Kota,1,5,44,267,,664,10846145,16334.31,106.8361183,-6.204698991,14.2,79292.23,0.09,1251.23,125.12,1.58%,98.26%,1.24,
10/15/2021,DKI Jakarta,124,0,64,60,859861,13570,844861,1430,Indonesia,Asia,Jawa,UTC+07:00,Daerah Khusus Ibu Kota,1,5,44,267,,664,10846145,16334.31,106.8361183,-6.204698991,11.43,79278.03,0,1251.14,125.11,1.58%,98.26%,1.1,1
10/14/2021,DKI Jakarta,113,0,98,15,859737,13570,844797,1370,Indonesia,Asia,Jawa,UTC+07:00,Daerah Khusus Ibu Kota,1,5,44,267,,664,10846145,16334.31,106.8361183,-6.204698991,10.42,79266.6,0,1251.14,125.11,1.58%,98.26%,0.41,1
10/13/2021,DKI Jakarta,278,0,200,78,859624,13570,844699,1355,Indonesia,Asia,Jawa,UTC+07:00,Daerah Khusus Ibu Kota,1,5,44,267,,664,10846145,16334.31,106.8361183,-6.204698991,25.63,79256.18,0,1251.14,125.11,1.58%,98.26%,1.94,0
10/12/2021,DKI Jakarta,143,1,338,-196,859346,13570,844499,1277,Indonesia,Asia,Jawa,UTC+07:00,Daerah Khusus Ibu Kota,1,5,44,267,,664,10846145,16334.31,106.8361183,-6.204698991,13.18,79230.55,0.09,1251.14,125.11,1.58%,98.27%,3.49,0.5
10/11/2021,DKI Jakarta,41,2,309,-270,859203,13569,844161,1473,Indonesia,Asia,Jawa,UTC+07:00,Daerah Khusus Ibu Kota,1,5,44,267,,664,10846145,16334.31,106.8361183,-6.204698991,3.78,79217.36,0.18,1251.04,125.1,1.58%,98.25%,0.29,0.67
10/10/2021,DKI Jakarta,140,3,69,68,859162,13567,843852,1743,Indonesia,Asia,Jawa,UTC+07:00,Daerah Khusus Ibu Kota,1,5,44,267,,664,10846145,16334.31,106.8361183,-6.204698991,12.91,79213.58,0.28,1250.86,125.09,1.58%,98.22%,1.4,1.5
10/9/2021,DKI Jakarta,100,2,2,96,859022,13564,843783,1675,Indonesia,Asia,Jawa,UTC+07:00,Daerah Khusus Ibu Kota,1,5,44,267,,664,10846145,16334.31,106.8361183,-6.204698991,9.22,79200.67,0.18,1250.58,125.06,1.58%,98.23%,0.67,
10/8/2021,DKI Jakarta,150,0,307,-157,858922,13562,843781,1579,Indonesia,Asia,Jawa,UTC+07:00,Daerah Khusus Ibu Kota,1,5,44,267,,664,10846145,16334.31,106.8361183,-6.204698991,13.83,79191.45,0,1250.4,125.04,1.58%,98.24%,1,0
10/7/2021,DKI Jakarta,150,1,100,49,858772,13562,843474,1736,Indonesia,Asia,Jawa,UTC+07:00,Daerah Khusus Ibu Kota,1,5,44,267,,664,10846145,16334.31,106.8361183,-6.204698991,13.83,79177.62,0.09,1250.4,125.04,1.58%,98.22%,0.74,0.25
10/6/2021,DKI Jakarta,203,4,164,35,858622,13561,843374,1687,Indonesia,Asia,Jawa,UTC+07:00,Daerah Khusus Ibu Kota,1,5,44,267,,664,10846145,16334.31,106.8361183,-6.204698991,18.72,79163.8,0.37,1250.31,125.03,1.58%,98.22%,2.82,1.33
10/5/2021,DKI Jakarta,72,3,150,-81,858419,13557,843210,1652,Indonesia,Asia,Jawa,UTC+07:00,Daerah Khusus Ibu Kota,1,5,44,267,,664,10846145,16334.31,106.8361183,-6.204698991,6.64,79145.08,0.28,1249.94,124.99,1.58%,98.23%,0.48,3
10/4/2021,DKI Jakarta,149,1,169,-21,858347,13554,843060,1733,Indonesia,Asia,Jawa,UTC+07:00,Daerah Khusus Ibu Kota,1,5,44,267,,664,10846145,16334.31,106.8361183,-6.204698991,13.74,79138.44,0.09,1249.66,124.97,1.58%,98.22%,1.17,0.25
10/3/2021,DKI Jakarta,127,4,89,34,858198,13553,842891,1754,Indonesia,Asia,Jawa,UTC+07:00,Daerah Khusus Ibu Kota,1,5,44,267,,664,10846145,16334.31,106.8361183,-6.204698991,11.71,79124.7,0.37,1249.57,124.96,1.58%,98.22%,0.82,0.8
10/2/2021,DKI Jakarta,155,5,163,-13,858071,13549,842802,1720,Indonesia,Asia,Jawa,UTC+07:00,Daerah Khusus Ibu Kota,1,5,44,267,,664,10846145,16334.31,106.8361183,-6.204698991,14.29,79112.99,0.46,1249.2,124.92,1.58%,98.22%,1.03,1
10/1/2021,DKI Jakarta,151,5,138,8,857916,13544,842639,1733,Indonesia,Asia,Jawa,UTC+07:00,Daerah Khusus Ibu Kota,1,5,44,267,,664,10846145,16334.31,106.8361183,-6.204698991,13.92,79098.7,0.46,1248.74,124.87,1.58%,98.22%,1.01,1.67
9/30/2021,DKI Jakarta,149,3,193,-47,857765,13539,842501,1725,Indonesia,Asia,Jawa,UTC+07:00,Daerah Khusus Ibu Kota,1,5,44,267,,664,10846145,16334.31,106.8361183,-6.204698991,13.74,79084.78,0.28,1248.28,124.83,1.58%,98.22%,0.84,0.5
9/29/2021,DKI Jakarta,177,6,194,-23,857616,13536,842308,1772,Indonesia,Asia,Jawa,UTC+07:00,Daerah Khusus Ibu Kota,1,5,44,267,,664,10846145,16334.31,106.8361183,-6.204698991,16.32,79071.04,0.55,1248,124.8,1.58%,98.22%,1.7,2
9/28/2021,DKI Jakarta,104,3,176,-75,857439,13530,842114,1795,Indonesia,Asia,Jawa,UTC+07:00,Daerah Khusus Ibu Kota,1,5,44,267,,664,10846145,16334.31,106.8361183,-6.204698991,9.59,79054.72,0.28,1247.45,124.74,1.58%,98.21%,1.01,0.75
9/27/2021,DKI Jakarta,103,4,251,-152,857335,13527,841938,1870,Indonesia,Asia,Jawa,UTC+07:00,Daerah Khusus Ibu Kota,1,5,44,267,,664,10846145,16334.31,106.8361183,-6.204698991,9.5,79045.14,0.37,1247.17,124.72,1.58%,98.20%,0.61,1.33
9/26/2021,DKI Jakarta,168,3,126,39,857232,13523,841687,2022,Indonesia,Asia,Jawa,UTC+07:00,Daerah Khusus Ibu Kota,1,5,44,267,,664,10846145,16334.31,106.8361183,-6.204698991,15.49,79035.64,0.28,1246.8,124.68,1.58%,98.19%,1.26,1
9/25/2021,DKI Jakarta,133,3,198,-68,857064,13520,841561,1983,Indonesia,Asia,Jawa,UTC+07:00,Daerah Khusus Ibu Kota,1,5,44,267,,664,10846145,16334.31,106.8361183,-6.204698991,12.26,79020.15,0.28,1246.53,124.65,1.58%,98.19%,0.73,0.6
9/24/2021,DKI Jakarta,181,5,330,-154,856931,13517,841363,2051,Indonesia,Asia,Jawa,UTC+07:00,Daerah Khusus Ibu Kota,1,5,44,267,,664,10846145,16334.31,106.8361183,-6.204698991,16.69,79007.89,0.46,1246.25,124.62,1.58%,98.18%,1.1,2.5
9/23/2021,DKI Jakarta,165,2,265,-102,856750,13512,841033,2205,Indonesia,Asia,Jawa,UTC+07:00,Daerah Khusus Ibu Kota,1,5,44,267,,664,10846145,16334.31,106.8361183,-6.204698991,15.21,78991.2,0.18,1245.79,124.58,1.58%,98.17%,0.73,0.5
9/22/2021,DKI Jakarta,227,4,286,-63,856585,13510,840768,2307,Indonesia,Asia,Jawa,UTC+07:00,Daerah Khusus Ibu Kota,1,5,44,267,,664,10846145,16334.31,106.8361183,-6.204698991,20.93,78975.99,0.37,1245.6,124.56,1.58%,98.15%,2.14,1
9/21/2021,DKI Jakarta,106,4,313,-211,856358,13506,840482,2370,Indonesia,Asia,Jawa,UTC+07:00,Daerah Khusus Ibu Kota,1,5,44,267,,664,10846145,16334.31,106.8361183,-6.204698991,9.77,78955.06,0.37,1245.24,124.52,1.58%,98.15%,1.16,1.33
9/20/2021,DKI Jakarta,91,3,511,-423,856252,13502,840169,2581,Indonesia,Asia,Jawa,UTC+07:00,Daerah Khusus Ibu Kota,1,5,44,267,,664,10846145,16334.31,106.8361183,-6.204698991,8.39,78945.28,0.28,1244.87,124.49,1.58%,98.12%,0.59,0.75
9/19/2021,DKI Jakarta,155,4,81,70,856161,13499,839658,3004,Indonesia,Asia,Jawa,UTC+07:00,Daerah Khusus Ibu Kota,1,5,44,267,,664,10846145,16334.31,106.8361183,-6.204698991,14.29,78936.89,0.37,1244.59,124.46,1.58%,98.07%,0.78,0.67
9/18/2021,DKI Jakarta,200,6,243,-49,856006,13495,839577,2934,Indonesia,Asia,Jawa,UTC+07:00,Daerah Khusus Ibu Kota,1,5,44,267,,664,10846145,16334.31,106.8361183,-6.204698991,18.44,78922.6,0.55,1244.22,124.42,1.58%,98.08%,0.97,1.2
9/17/2021,DKI Jakarta,206,5,368,-167,855806,13489,839334,2983,Indonesia,Asia,Jawa,UTC+07:00,Daerah Khusus Ibu Kota,1,5,44,267,,664,10846145,16334.31,106.8361183,-6.204698991,18.99,78904.16,0.46,1243.67,124.37,1.58%,98.08%,1.17,0.56
9/16/2021,DKI Jakarta,176,9,200,-33,855600,13484,838966,3150,Indonesia,Asia,Jawa,UTC+07:00,Daerah Khusus Ibu Kota,1,5,44,267,,664,10846145,16334.31,106.8361183,-6.204698991,16.23,78885.17,0.83,1243.21,124.32,1.58%,98.06%,0.58,0.9
9/15/2021,DKI Jakarta,305,10,506,-211,855424,13475,838766,3183,Indonesia,Asia,Jawa,UTC+07:00,Daerah Khusus Ibu Kota,1,5,44,267,,664,10846145,16334.31,106.8361183,-6.204698991,28.12,78868.94,0.92,1242.38,124.24,1.58%,98.05%,1.61,3.33
9/14/2021,DKI Jakarta,190,3,499,-312,855119,13465,838260,3394,Indonesia,Asia,Jawa,UTC+07:00,Daerah Khusus Ibu Kota,1,5,44,267,,664,10846145,16334.31,106.8361183,-6.204698991,17.52,78840.82,0.28,1241.45,124.15,1.57%,98.03%,1.02,0.5
9/13/2021,DKI Jakarta,187,6,453,-272,854929,13462,837761,3706,Indonesia,Asia,Jawa,UTC+07:00,Daerah Khusus Ibu Kota,1,5,44,267,,664,10846145,16334.31,106.8361183,-6.204698991,17.24,78823.31,0.55,1241.18,124.12,1.57%,97.99%,0.61,1
9/12/2021,DKI Jakarta,306,6,317,-17,854742,13456,837308,3978,Indonesia,Asia,Jawa,UTC+07:00,Daerah Khusus Ibu Kota,1,5,44,267,,664,10846145,16334.31,106.8361183,-6.204698991,28.21,78806.06,0.55,1240.63,124.06,1.57%,97.96%,1.14,0.3
9/11/2021,DKI Jakarta,268,20,400,-152,854436,13450,836991,3995,Indonesia,Asia,Jawa,UTC+07:00,Daerah Khusus Ibu Kota,1,5,44,267,,664,10846145,16334.31,106.8361183,-6.204698991,24.71,78777.85,1.84,1240.07,124.01,1.57%,97.96%,1.03,1.67
9/10/2021,DKI Jakarta,261,12,456,-207,854168,13430,836591,4147,Indonesia,Asia,Jawa,UTC+07:00,Daerah Khusus Ibu Kota,1,5,44,267,,664,10846145,16334.31,106.8361183,-6.204698991,24.06,78753.14,1.11,1238.23,123.82,1.57%,97.94%,0.85,0.92
9/9/2021,DKI Jakarta,308,13,484,-189,853907,13418,836135,4354,Indonesia,Asia,Jawa,UTC+07:00,Daerah Khusus Ibu Kota,1,5,44,267,,664,10846145,16334.31,106.8361183,-6.204698991,28.4,78729.08,1.2,1237.12,123.71,1.57%,97.92%,0.72,0.93
9/8/2021,DKI Jakarta,428,14,663,-249,853599,13405,835651,4543,Indonesia,Asia,Jawa,UTC+07:00,Daerah Khusus Ibu Kota,1,5,44,267,,664,10846145,16334.31,106.8361183,-6.204698991,39.46,78700.68,1.29,1235.92,123.59,1.57%,97.90%,1.63,1.08
9/7/2021,DKI Jakarta,262,13,531,-282,853171,13391,834988,4792,Indonesia,Asia,Jawa,UTC+07:00,Daerah Khusus Ibu Kota,1,5,44,267,,664,10846145,16334.31,106.8361183,-6.204698991,24.16,78661.22,1.2,1234.63,123.46,1.57%,97.87%,1.21,0.81
9/6/2021,DKI Jakarta,217,16,736,-535,852909,13378,834457,5074,Indonesia,Asia,Jawa,UTC+07:00,Daerah Khusus Ibu Kota,1,5,44,267,,664,10846145,16334.31,106.8361183,-6.204698991,20.01,78637.06,1.48,1233.43,123.34,1.57%,97.84%,0.72,1.6
9/5/2021,DKI Jakarta,303,10,317,-24,852692,13362,833721,5609,Indonesia,Asia,Jawa,UTC+07:00,Daerah Khusus Ibu Kota,1,5,44,267,,664,10846145,16334.31,106.8361183,-6.204698991,27.94,78617.06,0.92,1231.96,123.2,1.57%,97.78%,0.84,1
9/4/2021,DKI Jakarta,360,10,488,-138,852389,13352,833404,5633,Indonesia,Asia,Jawa,UTC+07:00,Daerah Khusus Ibu Kota,1,5,44,267,,664,10846145,16334.31,106.8361183,-6.204698991,33.19,78589.12,0.92,1231.04,123.1,1.57%,97.77%,1.05,0.91
9/3/2021,DKI Jakarta,343,11,832,-500,852029,13342,832916,5771,Indonesia,Asia,Jawa,UTC+07:00,Daerah Khusus Ibu Kota,1,5,44,267,,664,10846145,16334.31,106.8361183,-6.204698991,31.62,78555.93,1.01,1230.11,123.01,1.57%,97.76%,0.8,1.1
9/2/2021,DKI Jakarta,430,10,838,-418,851686,13331,832084,6271,Indonesia,Asia,Jawa,UTC+07:00,Daerah Khusus Ibu Kota,1,5,44,267,,664,10846145,16334.31,106.8361183,-6.204698991,39.65,78524.31,0.92,1229.1,122.91,1.57%,97.70%,0.64,0.83
9/1/2021,DKI Jakarta,673,12,1088,-427,851256,13321,831246,6689,Indonesia,Asia,Jawa,UTC+07:00,Daerah Khusus Ibu Kota,1,5,44,267,,664,10846145,16334.31,106.8361183,-6.204698991,62.05,78484.66,1.11,1228.18,122.82,1.56%,97.65%,1.69,0.41
8/31/2021,DKI Jakarta,399,29,528,-158,850583,13309,830158,7116,Indonesia,Asia,Jawa,UTC+07:00,Daerah Khusus Ibu Kota,1,5,44,267,,664,10846145,16334.31,106.8361183,-6.204698991,36.79,78422.61,2.67,1227.07,122.71,1.56%,97.60%,1.17,5.8
8/30/2021,DKI Jakarta,341,5,880,-544,850184,13280,829630,7274,Indonesia,Asia,Jawa,UTC+07:00,Daerah Khusus Ibu Kota,1,5,44,267,,664,10846145,16334.31,106.8361183,-6.204698991,31.44,78385.82,0.46,1224.4,122.44,1.56%,97.58%,0.72,0.83
8/29/2021,DKI Jakarta,474,6,703,-235,849843,13275,828750,7818,Indonesia,Asia,Jawa,UTC+07:00,Daerah Khusus Ibu Kota,1,5,44,267,,664,10846145,16334.31,106.8361183,-6.204698991,43.7,78354.38,0.55,1223.94,122.39,1.56%,97.52%,1.01,0.6
8/28/2021,DKI Jakarta,468,10,453,5,849369,13269,828047,8053,Indonesia,Asia,Jawa,UTC+07:00,Daerah Khusus Ibu Kota,1,5,44,267,,664,10846145,16334.31,106.8361183,-6.204698991,43.15,78310.68,0.92,1223.38,122.34,1.56%,97.49%,0.74,1.11
8/27/2021,DKI Jakarta,635,9,353,273,848901,13259,827594,8048,Indonesia,Asia,Jawa,UTC+07:00,Daerah Khusus Ibu Kota,1,5,44,267,,664,10846145,16334.31,106.8361183,-6.204698991,58.55,78267.53,0.83,1222.46,122.25,1.56%,97.49%,1.11,0.9
8/26/2021,DKI Jakarta,574,10,1029,-465,848266,13250,827241,7775,Indonesia,Asia,Jawa,UTC+07:00,Daerah Khusus Ibu Kota,1,5,44,267,,664,10846145,16334.31,106.8361183,-6.204698991,52.92,78208.99,0.92,1221.63,122.16,1.56%,97.52%,0.73,1.11
8/25/2021,DKI Jakarta,789,9,723,57,847692,13240,826212,8240,Indonesia,Asia,Jawa,UTC+07:00,Daerah Khusus Ibu Kota,1,5,44,267,,664,10846145,16334.31,106.8361183,-6.204698991,72.74,78156.06,0.83,1220.71,122.07,1.56%,97.47%,1.63,0.9
8/24/2021,DKI Jakarta,484,10,526,-52,846903,13231,825489,8183,Indonesia,Asia,Jawa,UTC+07:00,Daerah Khusus Ibu Kota,1,5,44,267,,664,10846145,16334.31,106.8361183,-6.204698991,44.62,78083.32,0.92,1219.88,121.99,1.56%,97.47%,1,0.5
8/23/2021,DKI Jakarta,485,20,640,-175,846419,13221,824963,8235,Indonesia,Asia,Jawa,UTC+07:00,Daerah Khusus Ibu Kota,1,5,44,267,,664,10846145,16334.31,106.8361183,-6.204698991,44.72,78038.69,1.84,1218.96,121.9,1.56%,97.47%,0.69,0.71
8/22/2021,DKI Jakarta,702,28,899,-225,845934,13201,824323,8410,Indonesia,Asia,Jawa,UTC+07:00,Daerah Khusus Ibu Kota,1,5,44,267,,664,10846145,16334.31,106.8361183,-6.204698991,64.72,77993.98,2.58,1217.11,121.71,1.56%,97.45%,0.79,2.15
8/21/2021,DKI Jakarta,891,13,912,-34,845232,13173,823424,8635,Indonesia,Asia,Jawa,UTC+07:00,Daerah Khusus Ibu Kota,1,5,44,267,,664,10846145,16334.31,106.8361183,-6.204698991,82.15,77929.26,1.2,1214.53,121.45,1.56%,97.42%,0.92,1.18
8/20/2021,DKI Jakarta,968,11,944,13,844341,13160,822512,8669,Indonesia,Asia,Jawa,UTC+07:00,Daerah Khusus Ibu Kota,1,5,44,267,,664,10846145,16334.31,106.8361183,-6.204698991,89.25,77847.11,1.01,1213.33,121.33,1.56%,97.41%,1.32,0.32
8/19/2021,DKI Jakarta,731,34,949,-252,843373,13149,821568,8656,Indonesia,Asia,Jawa,UTC+07:00,Daerah Khusus Ibu Kota,1,5,44,267,,664,10846145,16334.31,106.8361183,-6.204698991,67.4,77757.86,3.13,1212.32,121.23,1.56%,97.41%,0.71,2.62
8/18/2021,DKI Jakarta,1029,13,892,124,842642,13115,820619,8908,Indonesia,Asia,Jawa,UTC+07:00,Daerah Khusus Ibu Kota,1,5,44,267,,664,10846145,16334.31,106.8361183,-6.204698991,94.87,77690.46,1.2,1209.19,120.92,1.56%,97.39%,1.57,0.54
8/17/2021,DKI Jakarta,654,24,917,-287,841613,13102,819727,8784,Indonesia,Asia,Jawa,UTC+07:00,Daerah Khusus Ibu Kota,1,5,44,267,,664,10846145,16334.31,106.8361183,-6.204698991,60.3,77595.59,2.21,1207.99,120.8,1.56%,97.40%,1.27,0.86
8/16/2021,DKI Jakarta,513,28,944,-459,840959,13078,818810,9071,Indonesia,Asia,Jawa,UTC+07:00,Daerah Khusus Ibu Kota,1,5,44,267,,664,10846145,16334.31,106.8361183,-6.204698991,47.3,77535.29,2.58,1205.77,120.58,1.56%,97.37%,0.43,1.65
8/15/2021,DKI Jakarta,1182,17,1066,99,840446,13050,817866,9530,Indonesia,Asia,Jawa,UTC+07:00,Daerah Khusus Ibu Kota,1,5,44,267,,664,10846145,16334.31,106.8361183,-6.204698991,108.98,77487.99,1.57,1203.19,120.32,1.55%,97.31%,0.87,0.59
8/14/2021,DKI Jakarta,1363,29,1213,121,839264,13033,816800,9431,Indonesia,Asia,Jawa,UTC+07:00,Daerah Khusus Ibu Kota,1,5,44,267,,664,10846145,16334.31,106.8361183,-6.204698991,125.67,77379.01,2.67,1201.63,120.16,1.55%,97.32%,1.13,0.43
8/13/2021,DKI Jakarta,1210,68,1569,-427,837901,13004,815587,9310,Indonesia,Asia,Jawa,UTC+07:00,Daerah Khusus Ibu Kota,1,5,44,267,,664,10846145,16334.31,106.8361183,-6.204698991,111.56,77253.35,6.27,1198.95,119.9,1.55%,97.34%,1.12,1.62
8/12/2021,DKI Jakarta,1080,42,2471,-1433,836691,12936,814018,9737,Indonesia,Asia,Jawa,UTC+07:00,Daerah Khusus Ibu Kota,1,5,44,267,,664,10846145,16334.31,106.8361183,-6.204698991,99.57,77141.79,3.87,1192.68,119.27,1.55%,97.29%,0.55,1
8/11/2021,DKI Jakarta,1957,42,1334,581,835611,12894,811547,11170,Indonesia,Asia,Jawa,UTC+07:00,Daerah Khusus Ibu Kota,1,5,44,267,,664,10846145,16334.31,106.8361183,-6.204698991,180.43,77042.21,3.87,1188.81,118.88,1.54%,97.12%,1.37,1.05
8/10/2021,DKI Jakarta,1426,40,1174,212,833654,12852,810213,10589,Indonesia,Asia,Jawa,UTC+07:00,Daerah Khusus Ibu Kota,1,5,44,267,,664,10846145,16334.31,106.8361183,-6.204698991,131.48,76861.78,3.69,1184.94,118.49,1.54%,97.19%,1.96,2.86
8/9/2021,DKI Jakarta,727,14,1009,-296,832228,12812,809039,10377,Indonesia,Asia,Jawa,UTC+07:00,Daerah Khusus Ibu Kota,1,5,44,267,,664,10846145,16334.31,106.8361183,-6.204698991,67.03,76730.3,1.29,1181.25,118.12,1.54%,97.21%,0.44,0.7
8/8/2021,DKI Jakarta,1649,20,1199,430,831501,12798,808030,10673,Indonesia,Asia,Jawa,UTC+07:00,Daerah Khusus Ibu Kota,1,5,44,267,,664,10846145,16334.31,106.8361183,-6.204698991,152.04,76663.28,1.84,1179.96,118,1.54%,97.18%,0.82,0.29
8/7/2021,DKI Jakarta,2008,68,4556,-2616,829852,12778,806831,10243,Indonesia,Asia,Jawa,UTC+07:00,Daerah Khusus Ibu Kota,1,5,44,267,,664,10846145,16334.31,106.8361183,-6.204698991,185.13,76511.24,6.27,1178.11,117.81,1.54%,97.23%,0.92,1.28
8/6/2021,DKI Jakarta,2185,53,3206,-1074,827844,12710,802275,12859,Indonesia,Asia,Jawa,UTC+07:00,Daerah Khusus Ibu Kota,1,5,44,267,,664,10846145,16334.31,106.8361183,-6.204698991,201.45,76326.1,4.89,1171.84,117.18,1.54%,96.91%,0.95,0.42
8/5/2021,DKI Jakarta,2312,126,2759,-573,825659,12657,799069,13933,Indonesia,Asia,Jawa,UTC+07:00,Daerah Khusus Ibu Kota,1,5,44,267,,664,10846145,16334.31,106.8361183,-6.204698991,213.16,76124.65,11.62,1166.96,116.7,1.53%,96.78%,0.78,2
8/4/2021,DKI Jakarta,2981,63,2470,448,823347,12531,796310,14506,Indonesia,Asia,Jawa,UTC+07:00,Daerah Khusus Ibu Kota,1,5,44,267,,664,10846145,16334.31,106.8361183,-6.204698991,274.84,75911.49,5.81,1155.34,115.53,1.52%,96.72%,1.86,0.9
8/3/2021,DKI Jakarta,1601,70,2506,-975,820366,12468,793840,14058,Indonesia,Asia,Jawa,UTC+07:00,Daerah Khusus Ibu Kota,1,5,44,267,,664,10846145,16334.31,106.8361183,-6.204698991,147.61,75636.64,6.45,1149.53,114.95,1.52%,96.77%,1.14,0.45
8/2/2021,DKI Jakarta,1410,154,2161,-905,818765,12398,791334,15033,Indonesia,Asia,Jawa,UTC+07:00,Daerah Khusus Ibu Kota,1,5,44,267,,664,10846145,16334.31,106.8361183,-6.204698991,130,75489.03,14.2,1143.08,114.31,1.51%,96.65%,0.52,2.17
8/1/2021,DKI Jakarta,2701,71,4595,-1965,817355,12244,789173,15938,Indonesia,Asia,Jawa,UTC+07:00,Daerah Khusus Ibu Kota,1,5,44,267,,664,10846145,16334.31,106.8361183,-6.204698991,249.03,75359.03,6.55,1128.88,112.89,1.50%,96.55%,0.81,0.28
7/31/2021,DKI Jakarta,3328,251,4961,-1884,814654,12173,784578,17903,Indonesia,Asia,Jawa,UTC+07:00,Daerah Khusus Ibu Kota,1,5,44,267,,664,10846145,16334.31,106.8361183,-6.204698991,306.84,75110,23.14,1122.33,112.23,1.49%,96.31%,0.96,5.84
7/30/2021,DKI Jakarta,3454,43,11146,-7735,811326,11922,779617,19787,Indonesia,Asia,Jawa,UTC+07:00,Daerah Khusus Ibu Kota,1,5,44,267,,664,10846145,16334.31,106.8361183,-6.204698991,318.45,74803.17,3.96,1099.19,109.92,1.47%,96.09%,0.9,1.59
7/29/2021,DKI Jakarta,3845,27,11422,-7604,807872,11879,768471,27522,Indonesia,Asia,Jawa,UTC+07:00,Daerah Khusus Ibu Kota,1,5,44,267,,664,10846145,16334.31,106.8361183,-6.204698991,354.5,74484.71,2.49,1095.23,109.52,1.47%,95.12%,0.7,0.39
7/28/2021,DKI Jakarta,5525,69,10936,-5480,804027,11852,757049,35126,Indonesia,Asia,Jawa,UTC+07:00,Daerah Khusus Ibu Kota,1,5,44,267,,664,10846145,16334.31,106.8361183,-6.204698991,509.4,74130.21,6.36,1092.74,109.27,1.47%,94.16%,1.55,0.38
7/27/2021,DKI Jakarta,3567,184,14849,-11466,798502,11783,746113,40606,Indonesia,Asia,Jawa,UTC+07:00,Daerah Khusus Ibu Kota,1,5,44,267,,664,10846145,16334.31,106.8361183,-6.204698991,328.87,73620.81,16.96,1086.38,108.64,1.48%,93.44%,1.34,1.15
7/26/2021,DKI Jakarta,2662,160,14652,-12150,794935,11599,731264,52072,Indonesia,Asia,Jawa,UTC+07:00,Daerah Khusus Ibu Kota,1,5,44,267,,664,10846145,16334.31,106.8361183,-6.204698991,245.43,73291.94,14.75,1069.41,106.94,1.46%,91.99%,0.49,1.02
7/25/2021,DKI Jakarta,5394,157,14225,-8988,792273,11439,716612,64222,Indonesia,Asia,Jawa,UTC+07:00,Daerah Khusus Ibu Kota,1,5,44,267,,664,10846145,16334.31,106.8361183,-6.204698991,497.32,73046.51,14.48,1054.66,105.47,1.44%,90.45%,0.65,1.04
7/24/2021,DKI Jakarta,8359,151,14528,-6320,786879,11282,702387,73210,Indonesia,Asia,Jawa,UTC+07:00,Daerah Khusus Ibu Kota,1,5,44,267,,664,10846145,16334.31,106.8361183,-6.204698991,770.69,72549.19,13.92,1040.19,104.02,1.43%,89.26%,1.04,0.96
7/23/2021,DKI Jakarta,8033,157,14510,-6634,778520,11131,687859,79530,Indonesia,Asia,Jawa,UTC+07:00,Daerah Khusus Ibu Kota,1,5,44,267,,664,10846145,16334.31,106.8361183,-6.204698991,740.63,71778.5,14.48,1026.26,102.63,1.43%,88.35%,1.14,0.81
7/22/2021,DKI Jakarta,7060,195,10631,-3766,770487,10974,673349,86164,Indonesia,Asia,Jawa,UTC+07:00,Daerah Khusus Ibu Kota,1,5,44,267,,664,10846145,16334.31,106.8361183,-6.204698991,650.92,71037.87,17.98,1011.79,101.18,1.42%,87.39%,1.2,2.05
7/21/2021,DKI Jakarta,5904,95,10545,-4736,763427,10779,662718,89930,Indonesia,Asia,Jawa,UTC+07:00,Daerah Khusus Ibu Kota,1,5,44,267,,664,10846145,16334.31,106.8361183,-6.204698991,544.34,70386.94,8.76,993.81,99.38,1.41%,86.81%,0.95,0.35
7/20/2021,DKI Jakarta,6213,268,12066,-6121,757523,10684,652173,94666,Indonesia,Asia,Jawa,UTC+07:00,Daerah Khusus Ibu Kota,1,5,44,267,,664,10846145,16334.31,106.8361183,-6.204698991,572.83,69842.6,24.71,985.05,98.51,1.41%,86.09%,1.24,1.07
7/19/2021,DKI Jakarta,5000,250,12659,-7909,751310,10416,640107,100787,Indonesia,Asia,Jawa,UTC+07:00,Daerah Khusus Ibu Kota,1,5,44,267,,664,10846145,16334.31,106.8361183,-6.204698991,460.99,69269.77,23.05,960.34,96.03,1.39%,85.20%,0.55,1.58
7/18/2021,DKI Jakarta,9129,158,11852,-2881,746310,10166,627448,108696,Indonesia,Asia,Jawa,UTC+07:00,Daerah Khusus Ibu Kota,1,5,44,267,,664,10846145,16334.31,106.8361183,-6.204698991,841.68,68808.78,14.57,937.29,93.73,1.36%,84.07%,0.9,2.36
7/17/2021,DKI Jakarta,10168,67,11610,-1509,737181,10008,615596,111577,Indonesia,Asia,Jawa,UTC+07:00,Daerah Khusus Ibu Kota,1,5,44,267,,664,10846145,16334.31,106.8361183,-6.204698991,937.48,67967.1,6.18,922.72,92.27,1.36%,83.51%,0.82,0.51
7/16/2021,DKI Jakarta,12416,132,8448,3836,727013,9941,603986,113086,Indonesia,Asia,Jawa,UTC+07:00,Daerah Khusus Ibu Kota,1,5,44,267,,664,10846145,16334.31,106.8361183,-6.204698991,1144.74,67029.62,12.17,916.55,91.65,1.37%,83.08%,0.98,0.94
7/15/2021,DKI Jakarta,12691,141,3034,9516,714597,9809,595538,109250,Indonesia,Asia,Jawa,UTC+07:00,Daerah Khusus Ibu Kota,1,5,44,267,,664,10846145,16334.31,106.8361183,-6.204698991,1170.09,65884.88,13,904.38,90.44,1.37%,83.34%,1,2.24
7/14/2021,DKI Jakarta,12669,63,3069,9537,701906,9668,592504,99734,Indonesia,Asia,Jawa,UTC+07:00,Daerah Khusus Ibu Kota,1,5,44,267,,664,10846145,16334.31,106.8361183,-6.204698991,1168.06,64714.79,5.81,891.38,89.14,1.38%,84.41%,1.04,0.93
7/13/2021,DKI Jakarta,12183,68,4571,7544,689237,9605,589435,90197,Indonesia,Asia,Jawa,UTC+07:00,Daerah Khusus Ibu Kota,1,5,44,267,,664,10846145,16334.31,106.8361183,-6.204698991,1123.26,63546.73,6.27,885.57,88.56,1.39%,85.52%,0.83,0.51
7/12/2021,DKI Jakarta,14622,134,20477,-5989,677054,9537,584864,82653,Indonesia,Asia,Jawa,UTC+07:00,Daerah Khusus Ibu Kota,1,5,44,267,,664,10846145,16334.31,106.8361183,-6.204698991,1348.13,62423.47,12.35,879.3,87.93,1.41%,86.38%,1.11,2.91
7/11/2021,DKI Jakarta,13133,46,20602,-7515,662432,9403,564387,88642,Indonesia,Asia,Jawa,UTC+07:00,Daerah Khusus Ibu Kota,1,5,44,267,,664,10846145,16334.31,106.8361183,-6.204698991,1210.84,61075.34,4.24,866.94,86.69,1.42%,85.20%,1.02,0.53
7/10/2021,DKI Jakarta,12920,87,16839,-4006,649299,9357,543785,96157,Indonesia,Asia,Jawa,UTC+07:00,Daerah Khusus Ibu Kota,1,5,44,267,,664,10846145,16334.31,106.8361183,-6.204698991,1191.21,59864.5,8.02,862.7,86.27,1.44%,83.75%,0.99,0.63
7/9/2021,DKI Jakarta,13111,138,15029,-2056,636379,9270,526946,100163,Indonesia,Asia,Jawa,UTC+07:00,Daerah Khusus Ibu Kota,1,5,44,267,,664,10846145,16334.31,106.8361183,-6.204698991,1208.82,58673.29,12.72,854.68,85.47,1.46%,82.80%,1.01,1.01
7/8/2021,DKI Jakarta,12974,136,10854,1984,623268,9132,511917,102219,Indonesia,Asia,Jawa,UTC+07:00,Daerah Khusus Ibu Kota,1,5,44,267,,664,10846145,16334.31,106.8361183,-6.204698991,1196.19,57464.47,12.54,841.96,84.2,1.47%,82.13%,1.39,0.96
7/7/2021,DKI Jakarta,9365,142,3655,5568,610294,8996,501063,100235,Indonesia,Asia,Jawa,UTC+07:00,Daerah Khusus Ibu Kota,1,5,44,267,,664,10846145,16334.31,106.8361183,-6.204698991,863.44,56268.29,13.09,829.42,82.94,1.47%,82.10%,0.99,1.04
7/6/2021,DKI Jakarta,9439,137,6100,3202,600929,8854,497408,94667,Indonesia,Asia,Jawa,UTC+07:00,Daerah Khusus Ibu Kota,1,5,44,267,,664,10846145,16334.31,106.8361183,-6.204698991,870.26,55404.85,12.63,816.33,81.63,1.47%,82.77%,0.87,1.14
7/5/2021,DKI Jakarta,10902,120,6596,4186,591490,8717,491308,91465,Indonesia,Asia,Jawa,UTC+07:00,Daerah Khusus Ibu Kota,1,5,44,267,,664,10846145,16334.31,106.8361183,-6.204698991,1005.15,54534.58,11.06,803.7,80.37,1.47%,83.06%,1.04,1.82
7/4/2021,DKI Jakarta,10485,66,5816,4603,580588,8597,484712,87279,Indonesia,Asia,Jawa,UTC+07:00,Daerah Khusus Ibu Kota,1,5,44,267,,664,10846145,16334.31,106.8361183,-6.204698991,966.7,53529.43,6.09,792.63,79.26,1.48%,83.49%,1.08,4.13
7/3/2021,DKI Jakarta,9701,16,5681,4004,570103,8531,478896,82676,Indonesia,Asia,Jawa,UTC+07:00,Daerah Khusus Ibu Kota,1,5,44,267,,664,10846145,16334.31,106.8361183,-6.204698991,894.42,52562.73,1.48,786.55,78.65,1.50%,84.00%,1.03,0.23
7/2/2021,DKI Jakarta,9399,70,5013,4316,560402,8515,473215,78672,Indonesia,Asia,Jawa,UTC+07:00,Daerah Khusus Ibu Kota,1,5,44,267,,664,10846145,16334.31,106.8361183,-6.204698991,866.58,51668.31,6.45,785.07,78.51,1.52%,84.44%,1.25,1.52
7/1/2021,DKI Jakarta,7541,46,3527,3968,551003,8445,468202,74356,Indonesia,Asia,Jawa,UTC+07:00,Daerah Khusus Ibu Kota,1,5,44,267,,664,10846145,16334.31,106.8361183,-6.204698991,695.27,50801.74,4.24,778.62,77.86,1.53%,84.97%,0.98,0.65
6/30/2021,DKI Jakarta,7680,71,3522,4087,543462,8399,464675,70388,Indonesia,Asia,Jawa,UTC+07:00,Daerah Khusus Ibu Kota,1,5,44,267,,664,10846145,16334.31,106.8361183,-6.204698991,708.09,50106.47,6.55,774.38,77.44,1.55%,85.50%,1.04,0.89
6/29/2021,DKI Jakarta,7379,80,3505,3794,535782,8328,461153,66301,Indonesia,Asia,Jawa,UTC+07:00,Daerah Khusus Ibu Kota,1,5,44,267,,664,10846145,16334.31,106.8361183,-6.204698991,680.33,49398.38,7.38,767.83,76.78,1.55%,86.07%,0.88,1
6/28/2021,DKI Jakarta,8348,80,3414,4854,528403,8248,457648,62507,Indonesia,Asia,Jawa,UTC+07:00,Daerah Khusus Ibu Kota,1,5,44,267,,664,10846145,16334.31,106.8361183,-6.204698991,769.67,48718.05,7.38,760.45,76.05,1.56%,86.61%,0.89,1.57
6/27/2021,DKI Jakarta,9393,51,3505,5837,520055,8168,454234,57653,Indonesia,Asia,Jawa,UTC+07:00,Daerah Khusus Ibu Kota,1,5,44,267,,664,10846145,16334.31,106.8361183,-6.204698991,866.02,47948.37,4.7,753.08,75.31,1.57%,87.34%,1.01,1
6/26/2021,DKI Jakarta,9271,51,2724,6496,510662,8117,450729,51816,Indonesia,Asia,Jawa,UTC+07:00,Daerah Khusus Ibu Kota,1,5,44,267,,664,10846145,16334.31,106.8361183,-6.204698991,854.77,47082.35,4.7,748.38,74.84,1.59%,88.26%,1.34,0.74
6/25/2021,DKI Jakarta,6934,69,2571,4294,501391,8066,448005,45320,Indonesia,Asia,Jawa,UTC+07:00,Daerah Khusus Ibu Kota,1,5,44,267,,664,10846145,16334.31,106.8361183,-6.204698991,639.31,46227.58,6.36,743.67,74.37,1.61%,89.35%,0.92,1.41
6/24/2021,DKI Jakarta,7505,49,2438,5018,494457,7997,445434,41026,Indonesia,Asia,Jawa,UTC+07:00,Daerah Khusus Ibu Kota,1,5,44,267,,664,10846145,16334.31,106.8361183,-6.204698991,691.95,45588.27,4.52,737.31,73.73,1.62%,90.09%,1.6,1.04
6/23/2021,DKI Jakarta,4693,47,1190,3456,486952,7948,442996,36008,Indonesia,Asia,Jawa,UTC+07:00,Daerah Khusus Ibu Kota,1,5,44,267,,664,10846145,16334.31,106.8361183,-6.204698991,432.69,44896.32,4.33,732.79,73.28,1.63%,90.97%,1.46,0.8
6/22/2021,DKI Jakarta,3220,59,3481,-320,482259,7901,441806,32552,Indonesia,Asia,Jawa,UTC+07:00,Daerah Khusus Ibu Kota,1,5,44,267,,664,10846145,16334.31,106.8361183,-6.204698991,296.88,44463.63,5.44,728.46,72.85,1.64%,91.61%,0.64,0.8
6/21/2021,DKI Jakarta,5014,74,2835,2105,479039,7842,438325,32872,Indonesia,Asia,Jawa,UTC+07:00,Daerah Khusus Ibu Kota,1,5,44,267,,664,10846145,16334.31,106.8361183,-6.204698991,462.28,44166.75,6.82,723.02,72.3,1.64%,91.50%,0.9,1.07
6/20/2021,DKI Jakarta,5582,69,2457,3056,474025,7768,435490,30767,Indonesia,Asia,Jawa,UTC+07:00,Daerah Khusus Ibu Kota,1,5,44,267,,664,10846145,16334.31,106.8361183,-6.204698991,514.65,43704.47,6.36,716.2,71.62,1.64%,91.87%,1.14,1.15
6/19/2021,DKI Jakarta,4894,60,2441,2393,468443,7699,433033,27711,Indonesia,Asia,Jawa,UTC+07:00,Daerah Khusus Ibu Kota,1,5,44,267,,664,10846145,16334.31,106.8361183,-6.204698991,451.22,43189.82,5.53,709.84,70.98,1.64%,92.44%,1.03,0.91
6/18/2021,DKI Jakarta,4737,66,2110,2561,463549,7639,430592,25318,Indonesia,Asia,Jawa,UTC+07:00,Daerah Khusus Ibu Kota,1,5,44,267,,664,10846145,16334.31,106.8361183,-6.204698991,436.75,42738.6,6.09,704.31,70.43,1.65%,92.89%,1.14,1.32
6/17/2021,DKI Jakarta,4144,50,1877,2217,458812,7573,428482,22757,Indonesia,Asia,Jawa,UTC+07:00,Daerah Khusus Ibu Kota,1,5,44,267,,664,10846145,16334.31,106.8361183,-6.204698991,382.07,42301.85,4.61,698.22,69.82,1.65%,93.39%,1.74,1.47
6/16/2021,DKI Jakarta,2376,34,1276,1066,454668,7523,426605,20540,Indonesia,Asia,Jawa,UTC+07:00,Daerah Khusus Ibu Kota,1,5,44,267,,664,10846145,16334.31,106.8361183,-6.204698991,219.06,41919.78,3.13,693.61,69.36,1.65%,93.83%,1.58,1.7
6/15/2021,DKI Jakarta,1502,20,1194,288,452292,7489,425329,19474,Indonesia,Asia,Jawa,UTC+07:00,Daerah Khusus Ibu Kota,1,5,44,267,,664,10846145,16334.31,106.8361183,-6.204698991,138.48,41700.71,1.84,690.48,69.05,1.66%,94.04%,0.55,0.51
6/14/2021,DKI Jakarta,2722,39,1034,1649,450790,7469,424135,19186,Indonesia,Asia,Jawa,UTC+07:00,Daerah Khusus Ibu Kota,1,5,44,267,,664,10846145,16334.31,106.8361183,-6.204698991,250.96,41562.23,3.6,688.63,68.86,1.66%,94.09%,0.98,2.05
6/13/2021,DKI Jakarta,2769,19,935,1815,448068,7430,423101,17537,Indonesia,Asia,Jawa,UTC+07:00,Daerah Khusus Ibu Kota,1,5,44,267,,664,10846145,16334.31,106.8361183,-6.204698991,255.3,41311.27,1.75,685.04,68.5,1.66%,94.43%,1.13,1
6/12/2021,DKI Jakarta,2455,19,746,1690,445299,7411,422166,15722,Indonesia,Asia,Jawa,UTC+07:00,Daerah Khusus Ibu Kota,1,5,44,267,,664,10846145,16334.31,106.8361183,-6.204698991,226.35,41055.97,1.75,683.28,68.33,1.66%,94.81%,1.07,0.9
6/11/2021,DKI Jakarta,2293,21,1182,1090,442844,7392,421420,14032,Indonesia,Asia,Jawa,UTC+07:00,Daerah Khusus Ibu Kota,1,5,44,267,,664,10846145,16334.31,106.8361183,-6.204698991,211.41,40829.62,1.94,681.53,68.15,1.67%,95.16%,1.1,0.84
6/10/2021,DKI Jakarta,2091,25,1105,961,440551,7371,420238,12942,Indonesia,Asia,Jawa,UTC+07:00,Daerah Khusus Ibu Kota,1,5,44,267,,664,10846145,16334.31,106.8361183,-6.204698991,192.79,40618.21,2.3,679.6,67.96,1.67%,95.39%,1.52,1.79
6/9/2021,DKI Jakarta,1376,14,1112,250,438460,7346,419133,11981,Indonesia,Asia,Jawa,UTC+07:00,Daerah Khusus Ibu Kota,1,5,44,267,,664,10846145,16334.31,106.8361183,-6.204698991,126.87,40425.42,1.29,677.29,67.73,1.68%,95.59%,1.82,0.7
6/8/2021,DKI Jakarta,755,20,948,-213,437084,7332,418021,11731,Indonesia,Asia,Jawa,UTC+07:00,Daerah Khusus Ibu Kota,1,5,44,267,,664,10846145,16334.31,106.8361183,-6.204698991,69.61,40298.56,1.84,676,67.6,1.68%,95.64%,0.63,1
6/7/2021,DKI Jakarta,1197,20,874,303,436329,7312,417073,11944,Indonesia,Asia,Jawa,UTC+07:00,Daerah Khusus Ibu Kota,1,5,44,267,,664,10846145,16334.31,106.8361183,-6.204698991,110.36,40228.95,1.84,674.16,67.42,1.68%,95.59%,1.17,1
6/6/2021,DKI Jakarta,1019,20,884,115,435132,7292,416199,11641,Indonesia,Asia,Jawa,UTC+07:00,Daerah Khusus Ibu Kota,1,5,44,267,,664,10846145,16334.31,106.8361183,-6.204698991,93.95,40118.59,1.84,672.31,67.23,1.68%,95.65%,0.77,0.91
6/5/2021,DKI Jakarta,1317,22,828,467,434113,7272,415315,11526,Indonesia,Asia,Jawa,UTC+07:00,Daerah Khusus Ibu Kota,1,5,44,267,,664,10846145,16334.31,106.8361183,-6.204698991,121.43,40024.64,2.03,670.47,67.05,1.68%,95.67%,1.45,1.1
6/4/2021,DKI Jakarta,906,20,814,72,432796,7250,414487,11059,Indonesia,Asia,Jawa,UTC+07:00,Daerah Khusus Ibu Kota,1,5,44,267,,664,10846145,16334.31,106.8361183,-6.204698991,83.53,39903.21,1.84,668.44,66.84,1.68%,95.77%,1.27,0.95
6/3/2021,DKI Jakarta,715,21,501,193,431890,7230,413673,10987,Indonesia,Asia,Jawa,UTC+07:00,Daerah Khusus Ibu Kota,1,5,44,267,,664,10846145,16334.31,106.8361183,-6.204698991,65.92,39819.68,1.94,666.6,66.66,1.67%,95.78%,1.19,1.05
6/2/2021,DKI Jakarta,602,20,587,-5,431175,7209,413172,10794,Indonesia,Asia,Jawa,UTC+07:00,Daerah Khusus Ibu Kota,1,5,44,267,,664,10846145,16334.31,106.8361183,-6.204698991,55.5,39753.76,1.84,664.66,66.47,1.67%,95.82%,1.16,1.82
6/1/2021,DKI Jakarta,519,11,509,-1,430573,7189,412585,10799,Indonesia,Asia,Jawa,UTC+07:00,Daerah Khusus Ibu Kota,1,5,44,267,,664,10846145,16334.31,106.8361183,-6.204698991,47.85,39698.25,1.01,662.82,66.28,1.67%,95.82%,0.71,0.58
5/31/2021,DKI Jakarta,726,19,581,126,430054,7178,412076,10800,Indonesia,Asia,Jawa,UTC+07:00,Daerah Khusus Ibu Kota,1,5,44,267,,664,10846145,16334.31,106.8361183,-6.204698991,66.94,39650.4,1.75,661.8,66.18,1.67%,95.82%,0.68,1.46
5/30/2021,DKI Jakarta,1064,13,1004,47,429328,7159,411495,10674,Indonesia,Asia,Jawa,UTC+07:00,Daerah Khusus Ibu Kota,1,5,44,267,,664,10846145,16334.31,106.8361183,-6.204698991,98.1,39583.46,1.2,660.05,66.01,1.67%,95.85%,1.18,1.08
5/29/2021,DKI Jakarta,898,12,998,-112,428264,7146,410491,10627,Indonesia,Asia,Jawa,UTC+07:00,Daerah Khusus Ibu Kota,1,5,44,267,,664,10846145,16334.31,106.8361183,-6.204698991,82.79,39485.37,1.11,658.85,65.89,1.67%,95.85%,1.49,0.63
5/28/2021,DKI Jakarta,602,19,908,-325,427366,7134,409493,10739,Indonesia,Asia,Jawa,UTC+07:00,Daerah Khusus Ibu Kota,1,5,44,267,,664,10846145,16334.31,106.8361183,-6.204698991,55.5,39402.57,1.75,657.75,65.77,1.67%,95.82%,0.64,1.06
5/27/2021,DKI Jakarta,940,18,586,336,426764,7115,408585,11064,Indonesia,Asia,Jawa,UTC+07:00,Daerah Khusus Ibu Kota,1,5,44,267,,664,10846145,16334.31,106.8361183,-6.204698991,86.67,39347.07,1.66,655.99,65.6,1.67%,95.74%,1.52,1.64
5/26/2021,DKI Jakarta,617,11,516,90,425824,7097,407999,10728,Indonesia,Asia,Jawa,UTC+07:00,Daerah Khusus Ibu Kota,1,5,44,267,,664,10846145,16334.31,106.8361183,-6.204698991,56.89,39260.4,1.01,654.33,65.43,1.67%,95.81%,1.61,0.79
5/25/2021,DKI Jakarta,384,14,506,-136,425207,7086,407483,10638,Indonesia,Asia,Jawa,UTC+07:00,Daerah Khusus Ibu Kota,1,5,44,267,,664,10846145,16334.31,106.8361183,-6.204698991,35.4,39203.51,1.29,653.32,65.33,1.67%,95.83%,0.47,1.4
5/24/2021,DKI Jakarta,819,10,302,507,424823,7072,406977,10774,Indonesia,Asia,Jawa,UTC+07:00,Daerah Khusus Ibu Kota,1,5,44,267,,664,10846145,16334.31,106.8361183,-6.204698991,75.51,39168.11,0.92,652.03,65.2,1.66%,95.80%,0.94,0.83
5/23/2021,DKI Jakarta,867,12,340,515,424004,7062,406675,10267,Indonesia,Asia,Jawa,UTC+07:00,Daerah Khusus Ibu Kota,1,5,44,267,,664,10846145,16334.31,106.8361183,-6.204698991,79.94,39092.6,1.11,651.11,65.11,1.67%,95.91%,0.93,1
5/22/2021,DKI Jakarta,932,12,397,523,423137,7050,406335,9752,Indonesia,Asia,Jawa,UTC+07:00,Daerah Khusus Ibu Kota,1,5,44,267,,664,10846145,16334.31,106.8361183,-6.204698991,85.93,39012.66,1.11,650,65,1.67%,96.03%,1.09,0.75
5/21/2021,DKI Jakarta,856,16,100,740,422205,7038,405938,9229,Indonesia,Asia,Jawa,UTC+07:00,Daerah Khusus Ibu Kota,1,5,44,267,,664,10846145,16334.31,106.8361183,-6.204698991,78.92,38926.73,1.48,648.89,64.89,1.67%,96.15%,0.96,0.8
5/20/2021,DKI Jakarta,895,20,96,779,421349,7022,405838,8489,Indonesia,Asia,Jawa,UTC+07:00,Daerah Khusus Ibu Kota,1,5,44,267,,664,10846145,16334.31,106.8361183,-6.204698991,82.52,38847.81,1.84,647.42,64.74,1.67%,96.32%,1.46,1.05
5/19/2021,DKI Jakarta,611,19,197,395,420454,7002,405742,7710,Indonesia,Asia,Jawa,UTC+07:00,Daerah Khusus Ibu Kota,1,5,44,267,,664,10846145,16334.31,106.8361183,-6.204698991,56.33,38765.29,1.75,645.57,64.56,1.67%,96.50%,2.79,1.27
5/18/2021,DKI Jakarta,219,15,194,10,419843,6983,405545,7315,Indonesia,Asia,Jawa,UTC+07:00,Daerah Khusus Ibu Kota,1,5,44,267,,664,10846145,16334.31,106.8361183,-6.204698991,20.19,38708.96,1.38,643.82,64.38,1.66%,96.59%,0.52,0.6
5/17/2021,DKI Jakarta,421,25,0,396,419624,6968,405351,7305,Indonesia,Asia,Jawa,UTC+07:00,Daerah Khusus Ibu Kota,1,5,44,267,,664,10846145,16334.31,106.8361183,-6.204698991,38.82,38688.77,2.3,642.44,64.24,1.66%,96.60%,2.61,1.39
5/16/2021,DKI Jakarta,161,18,592,-449,419203,6943,405351,6909,Indonesia,Asia,Jawa,UTC+07:00,Daerah Khusus Ibu Kota,1,5,44,267,,664,10846145,16334.31,106.8361183,-6.204698991,14.84,38649.95,1.66,640.14,64.01,1.66%,96.70%,0.71,1.2
5/15/2021,DKI Jakarta,227,15,573,-361,419042,6925,404759,7358,Indonesia,Asia,Jawa,UTC+07:00,Daerah Khusus Ibu Kota,1,5,44,267,,664,10846145,16334.31,106.8361183,-6.204698991,20.93,38635.11,1.38,638.48,63.85,1.65%,96.59%,0.36,0.94
5/14/2021,DKI Jakarta,632,16,547,69,418815,6910,404186,7719,Indonesia,Asia,Jawa,UTC+07:00,Daerah Khusus Ibu Kota,1,5,44,267,,664,10846145,16334.31,106.8361183,-6.204698991,58.27,38614.18,1.48,637.09,63.71,1.65%,96.51%,0.81,1.07
5/13/2021,DKI Jakarta,785,15,585,185,418183,6894,403639,7650,Indonesia,Asia,Jawa,UTC+07:00,Daerah Khusus Ibu Kota,1,5,44,267,,664,10846145,16334.31,106.8361183,-6.204698991,72.38,38555.91,1.38,635.62,63.56,1.65%,96.52%,1.2,1.15
5/12/2021,DKI Jakarta,656,13,674,-31,417398,6879,403054,7465,Indonesia,Asia,Jawa,UTC+07:00,Daerah Khusus Ibu Kota,1,5,44,267,,664,10846145,16334.31,106.8361183,-6.204698991,60.48,38483.53,1.2,634.23,63.42,1.65%,96.56%,1.62,0.65
5/11/2021,DKI Jakarta,406,20,667,-281,416742,6866,402380,7496,Indonesia,Asia,Jawa,UTC+07:00,Daerah Khusus Ibu Kota,1,5,44,267,,664,10846145,16334.31,106.8361183,-6.204698991,37.43,38423.05,1.84,633.04,63.3,1.65%,96.55%,0.59,0.91
5/10/2021,DKI Jakarta,694,22,607,65,416336,6846,401713,7777,Indonesia,Asia,Jawa,UTC+07:00,Daerah Khusus Ibu Kota,1,5,44,267,,664,10846145,16334.31,106.8361183,-6.204698991,63.99,38385.62,2.03,631.19,63.12,1.64%,96.49%,0.86,1.38
5/9/2021,DKI Jakarta,809,16,690,103,415642,6824,401106,7712,Indonesia,Asia,Jawa,UTC+07:00,Daerah Khusus Ibu Kota,1,5,44,267,,664,10846145,16334.31,106.8361183,-6.204698991,74.59,38321.63,1.48,629.16,62.92,1.64%,96.50%,1.11,0.62
5/8/2021,DKI Jakarta,732,26,584,122,414833,6808,400416,7609,Indonesia,Asia,Jawa,UTC+07:00,Daerah Khusus Ibu Kota,1,5,44,267,,664,10846145,16334.31,106.8361183,-6.204698991,67.49,38247.05,2.4,627.69,62.77,1.64%,96.52%,0.93,1.3
5/7/2021,DKI Jakarta,783,20,595,168,414101,6782,399832,7487,Indonesia,Asia,Jawa,UTC+07:00,Daerah Khusus Ibu Kota,1,5,44,267,,664,10846145,16334.31,106.8361183,-6.204698991,72.19,38179.56,1.84,625.29,62.53,1.64%,96.55%,0.86,0.95
5/6/2021,DKI Jakarta,906,21,566,319,413318,6762,399237,7319,Indonesia,Asia,Jawa,UTC+07:00,Daerah Khusus Ibu Kota,1,5,44,267,,664,10846145,16334.31,106.8361183,-6.204698991,83.53,38107.36,1.94,623.45,62.34,1.64%,96.59%,1.07,1.75
5/5/2021,DKI Jakarta,845,12,687,146,412412,6741,398671,7000,Indonesia,Asia,Jawa,UTC+07:00,Daerah Khusus Ibu Kota,1,5,44,267,,664,10846145,16334.31,106.8361183,-6.204698991,77.91,38023.83,1.11,621.51,62.15,1.63%,96.67%,2.03,0.67
5/4/2021,DKI Jakarta,416,18,586,-188,411567,6729,397984,6854,Indonesia,Asia,Jawa,UTC+07:00,Daerah Khusus Ibu Kota,1,5,44,267,,664,10846145,16334.31,106.8361183,-6.204698991,38.35,37945.92,1.66,620.4,62.04,1.63%,96.70%,0.55,0.9
5/3/2021,DKI Jakarta,757,20,687,50,411151,6711,397398,7042,Indonesia,Asia,Jawa,UTC+07:00,Daerah Khusus Ibu Kota,1,5,44,267,,664,10846145,16334.31,106.8361183,-6.204698991,69.79,37907.57,1.84,618.75,61.87,1.63%,96.66%,0.89,2
5/2/2021,DKI Jakarta,854,10,984,-140,410394,6691,396711,6992,Indonesia,Asia,Jawa,UTC+07:00,Daerah Khusus Ibu Kota,1,5,44,267,,664,10846145,16334.31,106.8361183,-6.204698991,78.74,37837.78,0.92,616.9,61.69,1.63%,96.67%,0.92,0.67
5/1/2021,DKI Jakarta,926,15,793,118,409540,6681,395727,7132,Indonesia,Asia,Jawa,UTC+07:00,Daerah Khusus Ibu Kota,1,5,44,267,,664,10846145,16334.31,106.8361183,-6.204698991,85.38,37759.04,1.38,615.98,61.6,1.63%,96.63%,1.17,3.75
4/30/2021,DKI Jakarta,789,4,539,246,408614,6666,394934,7014,Indonesia,Asia,Jawa,UTC+07:00,Daerah Khusus Ibu Kota,1,5,44,267,,664,10846145,16334.31,106.8361183,-6.204698991,72.74,37673.66,0.37,614.6,61.46,1.63%,96.65%,0.8,0.17
4/29/2021,DKI Jakarta,987,23,480,484,407825,6662,394395,6768,Indonesia,Asia,Jawa,UTC+07:00,Daerah Khusus Ibu Kota,1,5,44,267,,664,10846145,16334.31,106.8361183,-6.204698991,91,37600.92,2.12,614.23,61.42,1.63%,96.71%,1.54,1.64
4/28/2021,DKI Jakarta,639,14,682,-57,406838,6639,393915,6284,Indonesia,Asia,Jawa,UTC+07:00,Daerah Khusus Ibu Kota,1,5,44,267,,664,10846145,16334.31,106.8361183,-6.204698991,58.91,37509.92,1.29,612.11,61.21,1.63%,96.82%,1.62,0.82
4/27/2021,DKI Jakarta,394,17,600,-223,406199,6625,393233,6341,Indonesia,Asia,Jawa,UTC+07:00,Daerah Khusus Ibu Kota,1,5,44,267,,664,10846145,16334.31,106.8361183,-6.204698991,36.33,37451,1.57,610.82,61.08,1.63%,96.81%,0.53,1.21
4/26/2021,DKI Jakarta,748,14,1339,-605,405805,6608,392633,6564,Indonesia,Asia,Jawa,UTC+07:00,Daerah Khusus Ibu Kota,1,5,44,267,,664,10846145,16334.31,106.8361183,-6.204698991,68.96,37414.68,1.29,609.25,60.92,1.63%,96.75%,0.83,1
4/25/2021,DKI Jakarta,896,14,962,-80,405057,6594,391294,7169,Indonesia,Asia,Jawa,UTC+07:00,Daerah Khusus Ibu Kota,1,5,44,267,,664,10846145,16334.31,106.8361183,-6.204698991,82.61,37345.71,1.29,607.96,60.8,1.63%,96.60%,0.99,1.17
4/24/2021,DKI Jakarta,907,12,886,9,404161,6580,390332,7249,Indonesia,Asia,Jawa,UTC+07:00,Daerah Khusus Ibu Kota,1,5,44,267,,664,10846145,16334.31,106.8361183,-6.204698991,83.62,37263.1,1.11,606.67,60.67,1.63%,96.58%,1.03,0.67
4/23/2021,DKI Jakarta,884,18,721,145,403254,6568,389446,7240,Indonesia,Asia,Jawa,UTC+07:00,Daerah Khusus Ibu Kota,1,5,44,267,,664,10846145,16334.31,106.8361183,-6.204698991,81.5,37179.48,1.66,605.56,60.56,1.63%,96.58%,0.7,1.64
4/22/2021,DKI Jakarta,1266,11,652,603,402370,6550,388725,7095,Indonesia,Asia,Jawa,UTC+07:00,Daerah Khusus Ibu Kota,1,5,44,267,,664,10846145,16334.31,106.8361183,-6.204698991,116.72,37097.97,1.01,603.9,60.39,1.63%,96.61%,2.1,0.92
4/21/2021,DKI Jakarta,602,12,573,17,401104,6539,388073,6492,Indonesia,Asia,Jawa,UTC+07:00,Daerah Khusus Ibu Kota,1,5,44,267,,664,10846145,16334.31,106.8361183,-6.204698991,55.5,36981.25,1.11,602.89,60.29,1.63%,96.75%,1.31,0.86
4/20/2021,DKI Jakarta,460,14,897,-451,400502,6527,387500,6475,Indonesia,Asia,Jawa,UTC+07:00,Daerah Khusus Ibu Kota,1,5,44,267,,664,10846145,16334.31,106.8361183,-6.204698991,42.41,36925.75,1.29,601.78,60.18,1.63%,96.75%,0.47,1
4/19/2021,DKI Jakarta,973,14,971,-12,400042,6513,386603,6926,Indonesia,Asia,Jawa,UTC+07:00,Daerah Khusus Ibu Kota,1,5,44,267,,664,10846145,16334.31,106.8361183,-6.204698991,89.71,36883.34,1.29,600.49,60.05,1.63%,96.64%,1.02,1.08
4/18/2021,DKI Jakarta,950,13,987,-50,399069,6499,385632,6938,Indonesia,Asia,Jawa,UTC+07:00,Daerah Khusus Ibu Kota,1,5,44,267,,664,10846145,16334.31,106.8361183,-6.204698991,87.59,36793.63,1.2,599.2,59.92,1.63%,96.63%,0.92,0.72
4/17/2021,DKI Jakarta,1037,18,999,20,398119,6486,384645,6988,Indonesia,Asia,Jawa,UTC+07:00,Daerah Khusus Ibu Kota,1,5,44,267,,664,10846145,16334.31,106.8361183,-6.204698991,95.61,36706.04,1.66,598,59.8,1.63%,96.62%,1.06,1
4/16/2021,DKI Jakarta,980,18,871,91,397082,6468,383646,6968,Indonesia,Asia,Jawa,UTC+07:00,Daerah Khusus Ibu Kota,1,5,44,267,,664,10846145,16334.31,106.8361183,-6.204698991,90.35,36610.43,1.66,596.34,59.63,1.63%,96.62%,0.74,3
4/15/2021,DKI Jakarta,1330,6,690,634,396102,6450,382775,6877,Indonesia,Asia,Jawa,UTC+07:00,Daerah Khusus Ibu Kota,1,5,44,267,,664,10846145,16334.31,106.8361183,-6.204698991,122.62,36520.07,0.55,594.68,59.47,1.63%,96.64%,2.01,0.86
4/14/2021,DKI Jakarta,661,7,614,40,394772,6444,382085,6243,Indonesia,Asia,Jawa,UTC+07:00,Daerah Khusus Ibu Kota,1,5,44,267,,664,10846145,16334.31,106.8361183,-6.204698991,60.94,36397.45,0.65,594.13,59.41,1.63%,96.79%,0.8,1.17
4/13/2021,DKI Jakarta,828,6,900,-78,394111,6437,381471,6203,Indonesia,Asia,Jawa,UTC+07:00,Daerah Khusus Ibu Kota,1,5,44,267,,664,10846145,16334.31,106.8361183,-6.204698991,76.34,36336.5,0.55,593.48,59.35,1.63%,96.79%,1.2,0.86
4/12/2021,DKI Jakarta,692,7,1357,-672,393283,6431,380571,6281,Indonesia,Asia,Jawa,UTC+07:00,Daerah Khusus Ibu Kota,1,5,44,267,,664,10846145,16334.31,106.8361183,-6.204698991,63.8,36260.16,0.65,592.93,59.29,1.64%,96.77%,0.67,1
4/11/2021,DKI Jakarta,1031,7,1396,-372,392591,6424,379214,6953,Indonesia,Asia,Jawa,UTC+07:00,Daerah Khusus Ibu Kota,1,5,44,267,,664,10846145,16334.31,106.8361183,-6.204698991,95.06,36196.36,0.65,592.28,59.23,1.64%,96.59%,1.06,1
4/10/2021,DKI Jakarta,977,7,856,114,391560,6417,377818,7325,Indonesia,Asia,Jawa,UTC+07:00,Daerah Khusus Ibu Kota,1,5,44,267,,664,10846145,16334.31,106.8361183,-6.204698991,90.08,36101.31,0.65,591.64,59.16,1.64%,96.49%,0.96,0.7
4/9/2021,DKI Jakarta,1013,10,623,380,390583,6410,376962,7211,Indonesia,Asia,Jawa,UTC+07:00,Daerah Khusus Ibu Kota,1,5,44,267,,664,10846145,16334.31,106.8361183,-6.204698991,93.4,36011.23,0.92,590.99,59.1,1.64%,96.51%,0.82,2.5
4/8/2021,DKI Jakarta,1238,4,485,749,389570,6400,376339,6831,Indonesia,Asia,Jawa,UTC+07:00,Daerah Khusus Ibu Kota,1,5,44,267,,664,10846145,16334.31,106.8361183,-6.204698991,114.14,35917.83,0.37,590.07,59.01,1.64%,96.60%,1.44,0.44
4/7/2021,DKI Jakarta,862,9,695,158,388332,6396,375854,6082,Indonesia,Asia,Jawa,UTC+07:00,Daerah Khusus Ibu Kota,1,5,44,267,,664,10846145,16334.31,106.8361183,-6.204698991,79.48,35803.69,0.83,589.7,58.97,1.65%,96.79%,1.77,2.25
4/6/2021,DKI Jakarta,487,4,587,-104,387470,6387,375159,5924,Indonesia,Asia,Jawa,UTC+07:00,Daerah Khusus Ibu Kota,1,5,44,267,,664,10846145,16334.31,106.8361183,-6.204698991,44.9,35724.21,0.37,588.87,58.89,1.65%,96.82%,0.93,1
4/5/2021,DKI Jakarta,523,4,1187,-668,386983,6383,374572,6028,Indonesia,Asia,Jawa,UTC+07:00,Daerah Khusus Ibu Kota,1,5,44,267,,664,10846145,16334.31,106.8361183,-6.204698991,48.22,35679.31,0.37,588.5,58.85,1.65%,96.79%,0.71,0.67
4/4/2021,DKI Jakarta,736,6,1599,-869,386460,6379,373385,6696,Indonesia,Asia,Jawa,UTC+07:00,Daerah Khusus Ibu Kota,1,5,44,267,,664,10846145,16334.31,106.8361183,-6.204698991,67.86,35631.09,0.55,588.14,58.81,1.65%,96.62%,0.67,1.5
4/3/2021,DKI Jakarta,1098,4,600,494,385724,6373,371786,7565,Indonesia,Asia,Jawa,UTC+07:00,Daerah Khusus Ibu Kota,1,5,44,267,,664,10846145,16334.31,106.8361183,-6.204698991,101.23,35563.23,0.37,587.58,58.76,1.65%,96.39%,0.89,0.57
4/2/2021,DKI Jakarta,1240,7,1292,-59,384626,6369,371186,7071,Indonesia,Asia,Jawa,UTC+07:00,Daerah Khusus Ibu Kota,1,5,44,267,,664,10846145,16334.31,106.8361183,-6.204698991,114.33,35462,0.65,587.21,58.72,1.66%,96.51%,0.93,0.39
4/1/2021,DKI Jakarta,1337,18,988,331,383386,6362,369894,7130,Indonesia,Asia,Jawa,UTC+07:00,Daerah Khusus Ibu Kota,1,5,44,267,,664,10846145,16334.31,106.8361183,-6.204698991,123.27,35347.67,1.66,586.57,58.66,1.66%,96.48%,1.39,
3/31/2021,DKI Jakarta,965,0,1073,-108,382049,6344,368906,6799,Indonesia,Asia,Jawa,UTC+07:00,Daerah Khusus Ibu Kota,1,5,44,267,,664,10846145,16334.31,106.8361183,-6.204698991,88.97,35224.4,0,584.91,58.49,1.66%,96.56%,2.51,0
3/30/2021,DKI Jakarta,384,21,1087,-724,381084,6344,367833,6907,Indonesia,Asia,Jawa,UTC+07:00,Daerah Khusus Ibu Kota,1,5,44,267,,664,10846145,16334.31,106.8361183,-6.204698991,35.4,35135.43,1.94,584.91,58.49,1.66%,96.52%,0.38,0.95
3/29/2021,DKI Jakarta,1014,22,1079,-87,380700,6323,366746,7631,Indonesia,Asia,Jawa,UTC+07:00,Daerah Khusus Ibu Kota,1,5,44,267,,664,10846145,16334.31,106.8361183,-6.204698991,93.49,35100.03,2.03,582.97,58.3,1.66%,96.33%,0.69,0.96
3/28/2021,DKI Jakarta,1470,23,1175,272,379686,6301,365667,7718,Indonesia,Asia,Jawa,UTC+07:00,Daerah Khusus Ibu Kota,1,5,44,267,,664,10846145,16334.31,106.8361183,-6.204698991,135.53,35006.54,2.12,580.94,58.09,1.66%,96.31%,1.09,1.28
3/27/2021,DKI Jakarta,1354,18,599,737,378216,6278,364492,7446,Indonesia,Asia,Jawa,UTC+07:00,Daerah Khusus Ibu Kota,1,5,44,267,,664,10846145,16334.31,106.8361183,-6.204698991,124.84,34871.01,1.66,578.82,57.88,1.66%,96.37%,0.98,1.64
3/26/2021,DKI Jakarta,1381,11,897,473,376862,6260,363893,6709,Indonesia,Asia,Jawa,UTC+07:00,Daerah Khusus Ibu Kota,1,5,44,267,,664,10846145,16334.31,106.8361183,-6.204698991,127.33,34746.17,1.01,577.16,57.72,1.66%,96.56%,0.8,0.92
3/25/2021,DKI Jakarta,1727,12,490,1225,375481,6249,362996,6236,Indonesia,Asia,Jawa,UTC+07:00,Daerah Khusus Ibu Kota,1,5,44,267,,664,10846145,16334.31,106.8361183,-6.204698991,159.23,34618.84,1.11,576.15,57.61,1.66%,96.67%,1.94,1.09
3/24/2021,DKI Jakarta,890,11,1986,-1107,373754,6237,362506,5011,Indonesia,Asia,Jawa,UTC+07:00,Daerah Khusus Ibu Kota,1,5,44,267,,664,10846145,16334.31,106.8361183,-6.204698991,82.06,34459.62,1.01,575.04,57.5,1.67%,96.99%,1.09,1
3/23/2021,DKI Jakarta,816,11,1691,-886,372864,6226,360520,6118,Indonesia,Asia,Jawa,UTC+07:00,Daerah Khusus Ibu Kota,1,5,44,267,,664,10846145,16334.31,106.8361183,-6.204698991,75.23,34377.56,1.01,574.03,57.4,1.67%,96.69%,0.55,1.38
3/22/2021,DKI Jakarta,1474,8,1715,-249,372048,6215,358829,7004,Indonesia,Asia,Jawa,UTC+07:00,Daerah Khusus Ibu Kota,1,5,44,267,,664,10846145,16334.31,106.8361183,-6.204698991,135.9,34302.33,0.74,573.01,57.3,1.67%,96.45%,0.9,0.35
3/21/2021,DKI Jakarta,1638,23,1884,-269,370574,6207,357114,7253,Indonesia,Asia,Jawa,UTC+07:00,Daerah Khusus Ibu Kota,1,5,44,267,,664,10846145,16334.31,106.8361183,-6.204698991,151.02,34166.43,2.12,572.28,57.23,1.67%,96.37%,0.85,1.05
3/20/2021,DKI Jakarta,1935,22,1184,729,368936,6184,355230,7522,Indonesia,Asia,Jawa,UTC+07:00,Daerah Khusus Ibu Kota,1,5,44,267,,664,10846145,16334.31,106.8361183,-6.204698991,178.4,34015.4,2.03,570.16,57.02,1.68%,96.28%,1.22,0.92
3/19/2021,DKI Jakarta,1588,24,1174,390,367001,6162,354046,6793,Indonesia,Asia,Jawa,UTC+07:00,Daerah Khusus Ibu Kota,1,5,44,267,,664,10846145,16334.31,106.8361183,-6.204698991,146.41,33837,2.21,568.13,56.81,1.68%,96.47%,0.92,1.2
3/18/2021,DKI Jakarta,1719,20,1168,531,365413,6138,352872,6403,Indonesia,Asia,Jawa,UTC+07:00,Daerah Khusus Ibu Kota,1,5,44,267,,664,10846145,16334.31,106.8361183,-6.204698991,158.49,33690.59,1.84,565.92,56.59,1.68%,96.57%,1.29,6.67
3/17/2021,DKI Jakarta,1330,3,1183,144,363694,6118,351704,5872,Indonesia,Asia,Jawa,UTC+07:00,Daerah Khusus Ibu Kota,1,5,44,267,,664,10846145,16334.31,106.8361183,-6.204698991,122.62,33532.1,0.28,564.07,56.41,1.68%,96.70%,1.59,0.15
3/16/2021,DKI Jakarta,835,20,1491,-676,362364,6115,350521,5728,Indonesia,Asia,Jawa,UTC+07:00,Daerah Khusus Ibu Kota,1,5,44,267,,664,10846145,16334.31,106.8361183,-6.204698991,76.99,33409.47,1.84,563.79,56.38,1.69%,96.73%,0.54,0.57
3/15/2021,DKI Jakarta,1555,35,1762,-242,361529,6095,349030,6404,Indonesia,Asia,Jawa,UTC+07:00,Daerah Khusus Ibu Kota,1,5,44,267,,664,10846145,16334.31,106.8361183,-6.204698991,143.37,33332.49,3.23,561.95,56.2,1.69%,96.54%,1.29,0.97
3/14/2021,DKI Jakarta,1204,36,2367,-1199,359974,6060,347268,6646,Indonesia,Asia,Jawa,UTC+07:00,Daerah Khusus Ibu Kota,1,5,44,267,,664,10846145,16334.31,106.8361183,-6.204698991,111.01,33189.12,3.32,558.72,55.87,1.68%,96.47%,1.16,3.6
3/13/2021,DKI Jakarta,1034,10,577,447,358770,6024,344901,7845,Indonesia,Asia,Jawa,UTC+07:00,Daerah Khusus Ibu Kota,1,5,44,267,,664,10846145,16334.31,106.8361183,-6.204698991,95.33,33078.11,0.92,555.4,55.54,1.68%,96.13%,0.55,0.2
3/12/2021,DKI Jakarta,1872,50,1263,559,357736,6014,344324,7398,Indonesia,Asia,Jawa,UTC+07:00,Daerah Khusus Ibu Kota,1,5,44,267,,664,10846145,16334.31,106.8361183,-6.204698991,172.6,32982.78,4.61,554.48,55.45,1.68%,96.25%,1.07,2
3/11/2021,DKI Jakarta,1754,25,980,749,355864,5964,343061,6839,Indonesia,Asia,Jawa,UTC+07:00,Daerah Khusus Ibu Kota,1,5,44,267,,664,10846145,16334.31,106.8361183,-6.204698991,161.72,32810.18,2.3,549.87,54.99,1.68%,96.40%,1.68,0.56
3/10/2021,DKI Jakarta,1046,45,1477,-476,354110,5939,342081,6090,Indonesia,Asia,Jawa,UTC+07:00,Daerah Khusus Ibu Kota,1,5,44,267,,664,10846145,16334.31,106.8361183,-6.204698991,96.44,32648.47,4.15,547.57,54.76,1.68%,96.60%,1.21,1
3/9/2021,DKI Jakarta,867,45,1643,-821,353064,5894,340604,6566,Indonesia,Asia,Jawa,UTC+07:00,Daerah Khusus Ibu Kota,1,5,44,267,,664,10846145,16334.31,106.8361183,-6.204698991,79.94,32552.03,4.15,543.42,54.34,1.67%,96.47%,0.49,0.94
3/8/2021,DKI Jakarta,1783,48,1675,60,352197,5849,338961,7387,Indonesia,Asia,Jawa,UTC+07:00,Daerah Khusus Ibu Kota,1,5,44,267,,664,10846145,16334.31,106.8361183,-6.204698991,164.39,32472.09,4.43,539.27,53.93,1.66%,96.24%,0.97,1.07
3/7/2021,DKI Jakarta,1835,45,1764,26,350414,5801,337286,7327,Indonesia,Asia,Jawa,UTC+07:00,Daerah Khusus Ibu Kota,1,5,44,267,,664,10846145,16334.31,106.8361183,-6.204698991,169.18,32307.7,4.15,534.84,53.48,1.66%,96.25%,1.14,1.02
3/6/2021,DKI Jakarta,1615,44,1568,3,348579,5756,335522,7301,Indonesia,Asia,Jawa,UTC+07:00,Daerah Khusus Ibu Kota,1,5,44,267,,664,10846145,16334.31,106.8361183,-6.204698991,148.9,32138.52,4.06,530.7,53.07,1.65%,96.25%,1.39,0.98
3/5/2021,DKI Jakarta,1160,45,1290,-175,346964,5712,333954,7298,Indonesia,Asia,Jawa,UTC+07:00,Daerah Khusus Ibu Kota,1,5,44,267,,664,10846145,16334.31,106.8361183,-6.204698991,106.95,31989.61,4.15,526.64,52.66,1.65%,96.25%,0.58,0.98
3/4/2021,DKI Jakarta,2009,46,1750,213,345804,5667,332664,7473,Indonesia,Asia,Jawa,UTC+07:00,Daerah Khusus Ibu Kota,1,5,44,267,,664,10846145,16334.31,106.8361183,-6.204698991,185.23,31882.66,4.24,522.49,52.25,1.64%,96.20%,1.4,1.21
3/3/2021,DKI Jakarta,1437,38,2487,-1088,343795,5621,330914,7260,Indonesia,Asia,Jawa,UTC+07:00,Daerah Khusus Ibu Kota,1,5,44,267,,664,10846145,16334.31,106.8361183,-6.204698991,132.49,31697.44,3.5,518.25,51.82,1.63%,96.25%,2.49,1.06
3/2/2021,DKI Jakarta,577,36,2165,-1624,342358,5583,328427,8348,Indonesia,Asia,Jawa,UTC+07:00,Daerah Khusus Ibu Kota,1,5,44,267,,664,10846145,16334.31,106.8361183,-6.204698991,53.2,31564.95,3.32,514.75,51.47,1.63%,95.93%,0.28,0.69
3/1/2021,DKI Jakarta,2058,52,3132,-1126,341781,5547,326262,9972,Indonesia,Asia,Jawa,UTC+07:00,Daerah Khusus Ibu Kota,1,5,44,267,,664,10846145,16334.31,106.8361183,-6.204698991,189.74,31511.75,4.79,511.43,51.14,1.62%,95.46%,0.98,1.21
2/28/2021,DKI Jakarta,2098,43,891,1164,339723,5495,323130,11098,Indonesia,Asia,Jawa,UTC+07:00,Daerah Khusus Ibu Kota,1,5,44,267,,664,10846145,16334.31,106.8361183,-6.204698991,193.43,31322,3.96,506.63,50.66,1.62%,95.12%,1.21,0.98
2/27/2021,DKI Jakarta,1736,44,1163,529,337625,5452,322239,9934,Indonesia,Asia,Jawa,UTC+07:00,Daerah Khusus Ibu Kota,1,5,44,267,,664,10846145,16334.31,106.8361183,-6.204698991,160.06,31128.57,4.06,502.67,50.27,1.61%,95.44%,1.04,1.05
2/26/2021,DKI Jakarta,1662,42,1864,-244,335889,5408,321076,9405,Indonesia,Asia,Jawa,UTC+07:00,Daerah Khusus Ibu Kota,1,5,44,267,,664,10846145,16334.31,106.8361183,-6.204698991,153.23,30968.51,3.87,498.61,49.86,1.61%,95.59%,1.05,0.76
2/25/2021,DKI Jakarta,1581,55,2656,-1130,334227,5366,319212,9649,Indonesia,Asia,Jawa,UTC+07:00,Daerah Khusus Ibu Kota,1,5,44,267,,664,10846145,16334.31,106.8361183,-6.204698991,145.77,30815.28,5.07,494.74,49.47,1.61%,95.51%,2.02,1.57
2/24/2021,DKI Jakarta,782,35,1857,-1110,332646,5311,316556,10779,Indonesia,Asia,Jawa,UTC+07:00,Daerah Khusus Ibu Kota,1,5,44,267,,664,10846145,16334.31,106.8361183,-6.204698991,72.1,30669.51,3.23,489.67,48.97,1.60%,95.16%,1,0.78
2/23/2021,DKI Jakarta,782,45,2052,-1315,331864,5276,314699,11889,Indonesia,Asia,Jawa,UTC+07:00,Daerah Khusus Ibu Kota,1,5,44,267,,664,10846145,16334.31,106.8361183,-6.204698991,72.1,30597.42,4.15,486.44,48.64,1.59%,94.83%,0.32,1.13
2/22/2021,DKI Jakarta,2465,40,2305,120,331082,5231,312647,13204,Indonesia,Asia,Jawa,UTC+07:00,Daerah Khusus Ibu Kota,1,5,44,267,,664,10846145,16334.31,106.8361183,-6.204698991,227.27,30525.32,3.69,482.29,48.23,1.58%,94.43%,0.9,0.73
2/21/2021,DKI Jakarta,2725,55,2681,-11,328617,5191,310342,13084,Indonesia,Asia,Jawa,UTC+07:00,Daerah Khusus Ibu Kota,1,5,44,267,,664,10846145,16334.31,106.8361183,-6.204698991,251.24,30298.05,5.07,478.6,47.86,1.58%,94.44%,0.95,1.38
2/20/2021,DKI Jakarta,2872,40,2490,342,325892,5136,307661,13095,Indonesia,Asia,Jawa,UTC+07:00,Daerah Khusus Ibu Kota,1,5,44,267,,664,10846145,16334.31,106.8361183,-6.204698991,264.79,30046.8,3.69,473.53,47.35,1.58%,94.41%,1.5,6.67
2/19/2021,DKI Jakarta,1920,6,2757,-843,323020,5096,305171,12753,Indonesia,Asia,Jawa,UTC+07:00,Daerah Khusus Ibu Kota,1,5,44,267,,664,10846145,16334.31,106.8361183,-6.204698991,177.02,29782.01,0.55,469.84,46.98,1.58%,94.47%,5.15,0.17
2/18/2021,DKI Jakarta,373,35,2717,-2379,321100,5090,302414,13596,Indonesia,Asia,Jawa,UTC+07:00,Daerah Khusus Ibu Kota,1,5,44,267,,664,10846145,16334.31,106.8361183,-6.204698991,34.39,29604.99,3.23,469.29,46.93,1.59%,94.18%,0.26,1.13
2/17/2021,DKI Jakarta,1446,31,2591,-1176,320727,5055,299697,15975,Indonesia,Asia,Jawa,UTC+07:00,Daerah Khusus Ibu Kota,1,5,44,267,,664,10846145,16334.31,106.8361183,-6.204698991,133.32,29570.6,2.86,466.06,46.61,1.58%,93.44%,0.78,0.5
2/16/2021,DKI Jakarta,1861,62,1579,220,319281,5024,297106,17151,Indonesia,Asia,Jawa,UTC+07:00,Daerah Khusus Ibu Kota,1,5,44,267,,664,10846145,16334.31,106.8361183,-6.204698991,171.58,29437.28,5.72,463.21,46.32,1.57%,93.05%,0.99,1.48
2/15/2021,DKI Jakarta,1879,42,2081,-244,317420,4962,295527,16931,Indonesia,Asia,Jawa,UTC+07:00,Daerah Khusus Ibu Kota,1,5,44,267,,664,10846145,16334.31,106.8361183,-6.204698991,173.24,29265.7,3.87,457.49,45.75,1.56%,93.10%,0.75,0.88
2/14/2021,DKI Jakarta,2497,48,3977,-1528,315541,4920,293446,17175,Indonesia,Asia,Jawa,UTC+07:00,Daerah Khusus Ibu Kota,1,5,44,267,,664,10846145,16334.31,106.8361183,-6.204698991,230.22,29092.46,4.43,453.62,45.36,1.56%,93.00%,0.83,0.91
2/13/2021,DKI Jakarta,3016,53,5010,-2047,313044,4872,289469,18703,Indonesia,Asia,Jawa,UTC+07:00,Daerah Khusus Ibu Kota,1,5,44,267,,664,10846145,16334.31,106.8361183,-6.204698991,278.07,28862.24,4.89,449.19,44.92,1.56%,92.47%,0.79,1.06
2/12/2021,DKI Jakarta,3807,50,5636,-1879,310028,4819,284459,20750,Indonesia,Asia,Jawa,UTC+07:00,Daerah Khusus Ibu Kota,1,5,44,267,,664,10846145,16334.31,106.8361183,-6.204698991,351,28584.17,4.61,444.31,44.43,1.55%,91.75%,1.51,0.98
2/11/2021,DKI Jakarta,2513,51,4096,-1634,306221,4769,278823,22629,Indonesia,Asia,Jawa,UTC+07:00,Daerah Khusus Ibu Kota,1,5,44,267,,664,10846145,16334.31,106.8361183,-6.204698991,231.7,28233.16,4.7,439.7,43.97,1.56%,91.05%,0.76,1.19
2/10/2021,DKI Jakarta,3308,43,3244,21,303708,4718,274727,24263,Indonesia,Asia,Jawa,UTC+07:00,Daerah Khusus Ibu Kota,1,5,44,267,,664,10846145,16334.31,106.8361183,-6.204698991,304.99,28001.47,3.96,434.99,43.5,1.55%,90.46%,0.96,0.75
2/9/2021,DKI Jakarta,3437,57,2786,594,300400,4675,271483,24242,Indonesia,Asia,Jawa,UTC+07:00,Daerah Khusus Ibu Kota,1,5,44,267,,664,10846145,16334.31,106.8361183,-6.204698991,316.89,27696.48,5.26,431.03,43.1,1.56%,90.37%,1.09,1.33
2/8/2021,DKI Jakarta,3142,43,3415,-316,296963,4618,268697,23648,Indonesia,Asia,Jawa,UTC+07:00,Daerah Khusus Ibu Kota,1,5,44,267,,664,10846145,16334.31,106.8361183,-6.204698991,289.69,27379.59,3.96,425.77,42.58,1.56%,90.48%,0.75,0.96
2/7/2021,DKI Jakarta,4212,45,4305,-138,293821,4575,265282,23964,Indonesia,Asia,Jawa,UTC+07:00,Daerah Khusus Ibu Kota,1,5,44,267,,664,10846145,16334.31,106.8361183,-6.204698991,388.34,27089.9,4.15,421.81,42.18,1.56%,90.29%,1.77,1.02
2/6/2021,DKI Jakarta,2379,44,4433,-2098,289609,4530,260977,24102,Indonesia,Asia,Jawa,UTC+07:00,Daerah Khusus Ibu Kota,1,5,44,267,,664,10846145,16334.31,106.8361183,-6.204698991,219.34,26701.56,4.06,417.66,41.77,1.56%,90.11%,0.71,0.98
2/5/2021,DKI Jakarta,3340,45,2475,820,287230,4486,256544,26200,Indonesia,Asia,Jawa,UTC+07:00,Daerah Khusus Ibu Kota,1,5,44,267,,664,10846145,16334.31,106.8361183,-6.204698991,307.94,26482.22,4.15,413.6,41.36,1.56%,89.32%,0.92,1.13
2/4/2021,DKI Jakarta,3632,40,3963,-371,283890,4441,254069,25380,Indonesia,Asia,Jawa,UTC+07:00,Daerah Khusus Ibu Kota,1,5,44,267,,664,10846145,16334.31,106.8361183,-6.204698991,334.87,26174.28,3.69,409.45,40.95,1.56%,89.50%,1.02,0.91
2/3/2021,DKI Jakarta,3567,44,1391,2132,280258,4401,250106,25751,Indonesia,Asia,Jawa,UTC+07:00,Daerah Khusus Ibu Kota,1,5,44,267,,664,10846145,16334.31,106.8361183,-6.204698991,328.87,25839.41,4.06,405.77,40.58,1.57%,89.24%,1.06,1
2/2/2021,DKI Jakarta,3362,44,4577,-1259,276691,4357,248715,23619,Indonesia,Asia,Jawa,UTC+07:00,Daerah Khusus Ibu Kota,1,5,44,267,,664,10846145,16334.31,106.8361183,-6.204698991,309.97,25510.54,4.06,401.71,40.17,1.57%,89.89%,0.93,0.98
2/1/2021,DKI Jakarta,3614,45,2352,1217,273329,4313,244138,24878,Indonesia,Asia,Jawa,UTC+07:00,Daerah Khusus Ibu Kota,1,5,44,267,,664,10846145,16334.31,106.8361183,-6.204698991,333.21,25200.57,4.15,397.65,39.77,1.58%,89.32%,1.04,1.07
1/31/2021,DKI Jakarta,3474,42,3354,78,269715,4268,241786,23661,Indonesia,Asia,Jawa,UTC+07:00,Daerah Khusus Ibu Kota,1,5,44,267,,664,10846145,16334.31,106.8361183,-6.204698991,320.3,24867.36,3.87,393.5,39.35,1.58%,89.64%,1,1.4
1/30/2021,DKI Jakarta,3491,30,3565,-104,266241,4226,238432,23583,Indonesia,Asia,Jawa,UTC+07:00,Daerah Khusus Ibu Kota,1,5,44,267,,664,10846145,16334.31,106.8361183,-6.204698991,321.87,24547.06,2.77,389.63,38.96,1.59%,89.55%,1.01,0.68
1/29/2021,DKI Jakarta,3448,44,2428,976,262750,4196,234867,23687,Indonesia,Asia,Jawa,UTC+07:00,Daerah Khusus Ibu Kota,1,5,44,267,,664,10846145,16334.31,106.8361183,-6.204698991,317.9,24225.2,4.06,386.87,38.69,1.60%,89.39%,1.19,1.1
1/28/2021,DKI Jakarta,2889,40,2731,118,259302,4152,232439,22711,Indonesia,Asia,Jawa,UTC+07:00,Daerah Khusus Ibu Kota,1,5,44,267,,664,10846145,16334.31,106.8361183,-6.204698991,266.36,23907.3,3.69,382.81,38.28,1.60%,89.64%,1.57,1.18
1/27/2021,DKI Jakarta,1836,34,2970,-1168,256413,4112,229708,22593,Indonesia,Asia,Jawa,UTC+07:00,Daerah Khusus Ibu Kota,1,5,44,267,,664,10846145,16334.31,106.8361183,-6.204698991,169.28,23640.93,3.13,379.12,37.91,1.60%,89.59%,0.79,0.74
1/26/2021,DKI Jakarta,2313,46,2939,-672,254577,4078,226738,23761,Indonesia,Asia,Jawa,UTC+07:00,Daerah Khusus Ibu Kota,1,5,44,267,,664,10846145,16334.31,106.8361183,-6.204698991,213.26,23471.66,4.24,375.99,37.6,1.60%,89.06%,0.94,1.07
1/25/2021,DKI Jakarta,2451,43,2504,-96,252264,4032,223799,24433,Indonesia,Asia,Jawa,UTC+07:00,Daerah Khusus Ibu Kota,1,5,44,267,,664,10846145,16334.31,106.8361183,-6.204698991,225.98,23258.4,3.96,371.74,37.17,1.60%,88.72%,0.7,1.1
1/24/2021,DKI Jakarta,3512,39,2328,1145,249813,3989,221295,24529,Indonesia,Asia,Jawa,UTC+07:00,Daerah Khusus Ibu Kota,1,5,44,267,,664,10846145,16334.31,106.8361183,-6.204698991,323.8,23032.42,3.6,367.78,36.78,1.60%,88.58%,1.07,1.26
1/23/2021,DKI Jakarta,3285,31,3492,-238,246301,3950,218967,23384,Indonesia,Asia,Jawa,UTC+07:00,Daerah Khusus Ibu Kota,1,5,44,267,,664,10846145,16334.31,106.8361183,-6.204698991,302.87,22708.62,2.86,364.18,36.42,1.60%,88.90%,0.87,0.76
1/22/2021,DKI Jakarta,3791,41,2169,1581,243016,3919,215475,23622,Indonesia,Asia,Jawa,UTC+07:00,Daerah Khusus Ibu Kota,1,5,44,267,,664,10846145,16334.31,106.8361183,-6.204698991,349.53,22405.75,3.78,361.33,36.13,1.61%,88.67%,1.2,1.37
1/21/2021,DKI Jakarta,3151,30,2570,551,239225,3878,213306,22041,Indonesia,Asia,Jawa,UTC+07:00,Daerah Khusus Ibu Kota,1,5,44,267,,664,10846145,16334.31,106.8361183,-6.204698991,290.52,22056.22,2.77,357.55,35.75,1.62%,89.17%,0.83,0.91
1/20/2021,DKI Jakarta,3786,33,3770,-17,236074,3848,210736,21490,Indonesia,Asia,Jawa,UTC+07:00,Daerah Khusus Ibu Kota,1,5,44,267,,664,10846145,16334.31,106.8361183,-6.204698991,349.06,21765.71,3.04,354.78,35.48,1.63%,89.27%,1.48,0.83
1/19/2021,DKI Jakarta,2563,40,2500,23,232288,3815,206966,21507,Indonesia,Asia,Jawa,UTC+07:00,Daerah Khusus Ibu Kota,1,5,44,267,,664,10846145,16334.31,106.8361183,-6.204698991,236.31,21416.64,3.69,351.74,35.17,1.64%,89.10%,1.09,1.11
1/18/2021,DKI Jakarta,2361,36,2801,-476,229725,3775,204466,21484,Indonesia,Asia,Jawa,UTC+07:00,Daerah Khusus Ibu Kota,1,5,44,267,,664,10846145,16334.31,106.8361183,-6.204698991,217.68,21180.34,3.32,348.05,34.8,1.64%,89.00%,0.7,1.09
1/17/2021,DKI Jakarta,3395,33,3776,-414,227364,3739,201665,21960,Indonesia,Asia,Jawa,UTC+07:00,Daerah Khusus Ibu Kota,1,5,44,267,,664,10846145,16334.31,106.8361183,-6.204698991,313.01,20962.66,3.04,344.73,34.47,1.64%,88.70%,0.96,1.03
1/16/2021,DKI Jakarta,3536,32,1772,1732,223969,3706,197889,22374,Indonesia,Asia,Jawa,UTC+07:00,Daerah Khusus Ibu Kota,1,5,44,267,,664,10846145,16334.31,106.8361183,-6.204698991,326.01,20649.64,2.95,341.69,34.17,1.65%,88.36%,1.39,0.91
1/15/2021,DKI Jakarta,2541,35,2490,16,220433,3674,196117,20642,Indonesia,Asia,Jawa,UTC+07:00,Daerah Khusus Ibu Kota,1,5,44,267,,664,10846145,16334.31,106.8361183,-6.204698991,234.28,20323.63,3.23,338.74,33.87,1.67%,88.97%,0.8,0.81
1/14/2021,DKI Jakarta,3165,43,2075,1047,217892,3639,193627,20626,Indonesia,Asia,Jawa,UTC+07:00,Daerah Khusus Ibu Kota,1,5,44,267,,664,10846145,16334.31,106.8361183,-6.204698991,291.81,20089.35,3.96,335.51,33.55,1.67%,88.86%,0.91,0.96
1/13/2021,DKI Jakarta,3476,45,2952,479,214727,3596,191552,19579,Indonesia,Asia,Jawa,UTC+07:00,Daerah Khusus Ibu Kota,1,5,44,267,,664,10846145,16334.31,106.8361183,-6.204698991,320.48,19797.54,4.15,331.55,33.15,1.67%,89.21%,1.3,1.32
1/12/2021,DKI Jakarta,2669,34,1657,978,211251,3551,188600,19100,Indonesia,Asia,Jawa,UTC+07:00,Daerah Khusus Ibu Kota,1,5,44,267,,664,10846145,16334.31,106.8361183,-6.204698991,246.08,19477.06,3.13,327.4,32.74,1.68%,89.28%,1.08,1.1
1/11/2021,DKI Jakarta,2461,31,2510,-80,208582,3517,186943,18122,Indonesia,Asia,Jawa,UTC+07:00,Daerah Khusus Ibu Kota,1,5,44,267,,664,10846145,16334.31,106.8361183,-6.204698991,226.9,19230.98,2.86,324.26,32.43,1.69%,89.63%,0.91,1
1/10/2021,DKI Jakarta,2711,31,2898,-218,206121,3486,184433,18202,Indonesia,Asia,Jawa,UTC+07:00,Daerah Khusus Ibu Kota,1,5,44,267,,664,10846145,16334.31,106.8361183,-6.204698991,249.95,19004.08,2.86,321.4,32.14,1.69%,89.48%,0.98,1.15
1/9/2021,DKI Jakarta,2753,27,2118,608,203410,3455,181535,18420,Indonesia,Asia,Jawa,UTC+07:00,Daerah Khusus Ibu Kota,1,5,44,267,,664,10846145,16334.31,106.8361183,-6.204698991,253.82,18754.13,2.49,318.55,31.85,1.70%,89.25%,0.93,1.13
1/8/2021,DKI Jakarta,2959,24,2690,245,200657,3428,179417,17812,Indonesia,Asia,Jawa,UTC+07:00,Daerah Khusus Ibu Kota,1,5,44,267,,664,10846145,16334.31,106.8361183,-6.204698991,272.82,18500.31,2.21,316.06,31.61,1.71%,89.41%,1.23,1.14
1/7/2021,DKI Jakarta,2398,21,1446,931,197698,3404,176727,17567,Indonesia,Asia,Jawa,UTC+07:00,Daerah Khusus Ibu Kota,1,5,44,267,,664,10846145,16334.31,106.8361183,-6.204698991,221.09,18227.49,1.94,313.84,31.38,1.72%,89.39%,1,1.24
1/6/2021,DKI Jakarta,2402,17,1095,1290,195300,3383,175281,16636,Indonesia,Asia,Jawa,UTC+07:00,Daerah Khusus Ibu Kota,1,5,44,267,,664,10846145,16334.31,106.8361183,-6.204698991,221.46,18006.4,1.57,311.91,31.19,1.73%,89.75%,1.32,0.89
1/5/2021,DKI Jakarta,1824,19,1339,466,192898,3366,174186,15346,Indonesia,Asia,Jawa,UTC+07:00,Daerah Khusus Ibu Kota,1,5,44,267,,664,10846145,16334.31,106.8361183,-6.204698991,168.17,17784.94,1.75,310.34,31.03,1.74%,90.30%,1,0.9
1/4/2021,DKI Jakarta,1832,21,2527,-716,191074,3347,172847,14880,Indonesia,Asia,Jawa,UTC+07:00,Daerah Khusus Ibu Kota,1,5,44,267,,664,10846145,16334.31,106.8361183,-6.204698991,168.91,17616.77,1.94,308.59,30.86,1.75%,90.46%,1.1,2.1
1/3/2021,DKI Jakarta,1658,10,1691,-43,189242,3326,170320,15596,Indonesia,Asia,Jawa,UTC+07:00,Daerah Khusus Ibu Kota,1,5,44,267,,664,10846145,16334.31,106.8361183,-6.204698991,152.87,17447.86,0.92,306.65,30.67,1.76%,90.00%,0.88,0.38
1/2/2021,DKI Jakarta,1894,26,2280,-412,187584,3316,168629,15639,Indonesia,Asia,Jawa,UTC+07:00,Daerah Khusus Ibu Kota,1,5,44,267,,664,10846145,16334.31,106.8361183,-6.204698991,174.62,17294.99,2.4,305.73,30.57,1.77%,89.90%,0.97,1.3
1/1/2021,DKI Jakarta,1956,20,1643,293,185690,3290,166349,16051,Indonesia,Asia,Jawa,UTC+07:00,Daerah Khusus Ibu Kota,1,5,44,267,,664,10846145,16334.31,106.8361183,-6.204698991,180.34,17120.37,1.84,303.33,30.33,1.77%,89.58%,0.97,0.95
